Calpeptin_400uM_in_WT_24uM_28C_X,Calpeptin_400uM_in_WT_24uM_28C_Y
0.083333,9.74341
0.1,9.74457
0.116667,9.74479
0.133333,9.74438
0.15,9.74336
0.166667,9.74227
0.183333,9.74203
0.2,9.74184
0.216667,9.74184
0.233333,9.74216
0.25,9.74251
0.266667,9.74272
0.283333,9.74242
0.3,9.7419
0.316667,9.74157
0.333333,9.74088
0.35,9.74027
0.366667,9.73968
0.383333,9.73951
0.4,9.73948
0.416667,9.73953
0.433333,9.73941
0.45,9.73926
0.466667,9.73925
0.483333,9.73935
0.5,9.73932
0.516667,9.73915
0.533333,9.73889
0.55,9.73845
0.566667,9.73786
0.583333,9.73729
0.6,9.73667
0.616667,9.73682
0.633333,9.73685
0.65,9.73703
0.666667,9.73753
0.683333,9.73819
0.7,9.73866
0.716667,9.73874
0.733333,9.73858
0.75,9.73835
0.766667,9.73829
0.783333,9.73834
0.8,9.73852
0.816667,9.73871
0.833333,9.73894
0.85,9.73926
0.866667,9.7399
0.883333,9.74045
0.9,9.74051
0.916667,9.74
0.933333,9.73856
0.95,9.73698
0.966667,9.73621
0.983333,9.73587
1,9.73694
1.016667,9.73773
1.033333,9.73333
1.05,9.7296
1.066667,9.72993
1.083333,9.7286
1.1,9.72515
1.116667,9.72302
1.133333,9.7213
1.15,9.71944
1.166667,9.71838
1.183333,9.71814
1.2,9.71872
1.216667,9.71943
1.233333,9.72049
1.25,9.72094
1.266667,9.72062
1.283333,9.72132
1.3,9.72134
1.316667,9.72262
1.333333,9.72382
1.35,9.72527
1.366667,9.72689
1.383333,9.72792
1.4,9.7286
1.416667,9.72926
1.433333,9.72994
1.45,9.73079
1.466667,9.7316
1.483333,9.73232
1.5,9.73308
1.516667,9.73381
1.533333,9.73418
1.55,9.73408
1.566667,9.73392
1.583333,9.73387
1.6,9.73384
1.616667,9.73356
1.633333,9.73318
1.65,9.73283
1.666667,9.73233
1.683333,9.73185
1.7,9.73111
1.716667,9.73009
1.733333,9.72921
1.75,9.72883
1.766667,9.72895
1.783333,9.72915
1.8,9.72926
1.816667,9.729
1.833333,9.72817
1.85,9.72766
1.866667,9.72728
1.883333,9.72658
1.9,9.72597
1.916667,9.72529
1.933333,9.72563
1.95,9.72539
1.966667,9.7245
1.983333,9.7236
2,9.7227
2.016667,9.72183
2.033333,9.7219
2.05,9.72261
2.066667,9.72356
2.083333,9.72419
2.1,9.72417
2.116667,9.72323
2.133333,9.72252
2.15,9.72203
2.166667,9.72102
2.183333,9.72106
2.2,9.72166
2.216667,9.72122
2.233333,9.72033
2.25,9.71936
2.266667,9.71866
2.283333,9.71903
2.3,9.72013
2.316667,9.72114
2.333333,9.7223
2.35,9.72324
2.366667,9.72327
2.383333,9.72219
2.4,9.7215
2.416667,9.72173
2.433333,9.72216
2.45,9.72172
2.466667,9.72083
2.483333,9.72027
2.5,9.72084
2.516667,9.72177
2.533333,9.72245
2.55,9.72241
2.566667,9.72257
2.583333,9.72293
2.6,9.72294
2.616667,9.722
2.633333,9.72055
2.65,9.71979
2.666667,9.71928
2.683333,9.71931
2.7,9.71978
2.716667,9.72024
2.733333,9.72058
2.75,9.72079
2.766667,9.72096
2.783333,9.721
2.8,9.72107
2.816667,9.72075
2.833333,9.71994
2.85,9.7194
2.866667,9.71901
2.883333,9.71862
2.9,9.71823
2.916667,9.71761
2.933333,9.71716
2.95,9.71682
2.966667,9.71647
2.983333,9.71622
3,9.71606
3.016667,9.71578
3.033333,9.71554
3.05,9.71553
3.066667,9.71588
3.083333,9.71664
3.1,9.71771
3.116667,9.71881
3.133333,9.71978
3.15,9.72081
3.166667,9.72175
3.183333,9.72268
3.2,9.72351
3.216667,9.72423
3.233333,9.72397
3.25,9.7236
3.266667,9.72389
3.283333,9.72416
3.3,9.72451
3.316667,9.72493
3.333333,9.72541
3.35,9.72587
3.366667,9.72554
3.383333,9.7247
3.4,9.72281
3.416667,9.7207
3.433333,9.71884
3.45,9.71822
3.466667,9.71952
3.483333,9.72106
3.5,9.724
3.516667,9.72622
3.533333,9.72374
3.55,9.70722
3.566667,9.67272
3.583333,9.62989
3.6,9.59327
3.616667,9.56094
3.633333,9.54311
3.65,9.5364
3.666667,9.53786
3.683333,9.54818
3.7,9.56232
3.716667,9.57597
3.733333,9.58946
3.75,9.60122
3.766667,9.61478
3.783333,9.6283
3.8,9.6378
3.816667,9.64273
3.833333,9.64557
3.85,9.64824
3.866667,9.65281
3.883333,9.65633
3.9,9.65973
3.916667,9.66285
3.933333,9.66525
3.95,9.66677
3.966667,9.66763
3.983333,9.66878
4,9.67065
4.016667,9.6725
4.033333,9.67412
4.05,9.67569
4.066667,9.67723
4.083333,9.67832
4.1,9.67879
4.116667,9.67918
4.133333,9.67978
4.15,9.68028
4.166667,9.68086
4.183333,9.68133
4.2,9.68181
4.216667,9.68229
4.233333,9.6829
4.25,9.68357
4.266667,9.68399
4.283333,9.68409
4.3,9.68408
4.316667,9.68426
4.333333,9.6845
4.35,9.68481
4.366667,9.68495
4.383333,9.68521
4.4,9.68567
4.416667,9.68575
4.433333,9.6857
4.45,9.68576
4.466667,9.68588
4.483333,9.6865
4.5,9.68757
4.516667,9.68801
4.533333,9.68821
4.55,9.68824
4.566667,9.68839
4.583333,9.68887
4.6,9.68976
4.616667,9.69039
4.633333,9.69069
4.65,9.69129
4.666667,9.69161
4.683333,9.69167
4.7,9.69188
4.716667,9.69206
4.733333,9.69254
4.75,9.69207
4.766667,9.69229
4.783333,9.69261
4.8,9.69275
4.816667,9.69268
4.833333,9.69276
4.85,9.69323
4.866667,9.69385
4.883333,9.69459
4.9,9.69513
4.916667,9.69524
4.933333,9.69499
4.95,9.69476
4.966667,9.69513
4.983333,9.69606
5,9.69712
5.016667,9.69813
5.033333,9.69911
5.05,9.70007
5.066667,9.70105
5.083333,9.70179
5.1,9.70245
5.116667,9.7032
5.133333,9.70332
5.15,9.70271
5.166667,9.70173
5.183333,9.70118
5.2,9.70147
5.216667,9.70193
5.233333,9.70219
5.25,9.70209
5.266667,9.7019
5.283333,9.70169
5.3,9.70114
5.316667,9.70024
5.333333,9.69912
5.35,9.69868
5.366667,9.69864
5.383333,9.69858
5.4,9.69864
5.416667,9.69929
5.433333,9.70038
5.45,9.70128
5.466667,9.70209
5.483333,9.70244
5.5,9.70247
5.516667,9.70224
5.533333,9.70177
5.55,9.70115
5.566667,9.7008
5.583333,9.70098
5.6,9.70143
5.616667,9.70182
5.633333,9.70211
5.65,9.70227
5.666667,9.70254
5.683333,9.70292
5.7,9.70334
5.716667,9.70358
5.733333,9.70353
5.75,9.70318
5.766667,9.70274
5.783333,9.7024
5.8,9.70226
5.816667,9.70231
5.833333,9.70217
5.85,9.70248
5.866667,9.70312
5.883333,9.70351
5.9,9.70403
5.916667,9.70468
5.933333,9.70397
5.95,9.70222
5.966667,9.70119
5.983333,9.70101
6,9.7021
6.016667,9.70949
6.033333,9.71267
6.05,9.70012
6.066667,9.66979
6.083333,9.63129
6.1,9.58878
6.116667,9.5563
6.133333,9.53917
6.15,9.53
6.166667,9.52705
6.183333,9.5305
6.2,9.5396
6.216667,9.55267
6.233333,9.56851
6.25,9.59134
6.266667,9.61117
6.283333,9.62378
6.3,9.63048
6.316667,9.63575
6.333333,9.63999
6.35,9.64265
6.366667,9.64444
6.383333,9.64631
6.4,9.64722
6.416667,9.64832
6.433333,9.6502
6.45,9.65198
6.466667,9.65344
6.483333,9.655
6.5,9.65655
6.516667,9.65775
6.533333,9.6589
6.55,9.65967
6.566667,9.66029
6.583333,9.66128
6.6,9.66258
6.616667,9.66383
6.633333,9.66498
6.65,9.66539
6.666667,9.66574
6.683333,9.66665
6.7,9.66801
6.716667,9.6693
6.733333,9.67077
6.75,9.67241
6.766667,9.67352
6.783333,9.67438
6.8,9.67485
6.816667,9.6754
6.833333,9.67687
6.85,9.67744
6.866667,9.67826
6.883333,9.67887
6.9,9.67981
6.916667,9.68061
6.933333,9.68105
6.95,9.68143
6.966667,9.68202
6.983333,9.68279
7,9.68355
7.016667,9.68412
7.033333,9.68418
7.05,9.68391
7.066667,9.68388
7.083333,9.68416
7.1,9.68452
7.116667,9.68489
7.133333,9.68497
7.15,9.6851
7.166667,9.68548
7.183333,9.68577
7.2,9.68599
7.216667,9.68612
7.233333,9.6861
7.25,9.68618
7.266667,9.68638
7.283333,9.68673
7.3,9.68718
7.316667,9.6877
7.333333,9.68822
7.35,9.68873
7.366667,9.68911
7.383333,9.68937
7.4,9.68946
7.416667,9.68943
7.433333,9.68921
7.45,9.68883
7.466667,9.68875
7.483333,9.68882
7.5,9.68876
7.516667,9.68883
7.533333,9.68919
7.55,9.68981
7.566667,9.69054
7.583333,9.691
7.6,9.69112
7.616667,9.69081
7.633333,9.69014
7.65,9.68958
7.666667,9.6894
7.683333,9.68944
7.7,9.68931
7.716667,9.68995
7.733333,9.69074
7.75,9.6915
7.766667,9.69219
7.783333,9.69247
7.8,9.69283
7.816667,9.69293
7.833333,9.69177
7.85,9.69115
7.866667,9.69053
7.883333,9.69016
7.9,9.69045
7.916667,9.69064
7.933333,9.69105
7.95,9.69169
7.966667,9.69266
7.983333,9.69378
8,9.69482
8.016667,9.69516
8.033333,9.69476
8.05,9.69511
8.066667,9.69551
8.083333,9.6957
8.1,9.69617
8.116667,9.69666
8.133333,9.69721
8.15,9.69778
8.166667,9.69871
8.183333,9.69951
8.2,9.70021
8.216667,9.70048
8.233333,9.7003
8.25,9.69986
8.266667,9.69961
8.283333,9.69947
8.3,9.69928
8.316667,9.69878
8.333333,9.69786
8.35,9.69716
8.366667,9.69686
8.383333,9.6968
8.4,9.69604
8.416667,9.69537
8.433333,9.69408
8.45,9.69279
8.466667,9.69253
8.483333,9.69132
8.5,9.68966
8.516667,9.69266
8.533333,9.68929
8.55,9.67918
8.566667,9.66448
8.583333,9.63285
8.6,9.60289
8.616667,9.57893
8.633333,9.55978
8.65,9.54942
8.666667,9.5451
8.683333,9.54378
8.7,9.55143
8.716667,9.56955
8.733333,9.58615
8.75,9.60233
8.766667,9.61456
8.783333,9.62115
8.8,9.62566
8.816667,9.63023
8.833333,9.63506
8.85,9.63935
8.866667,9.64189
8.883333,9.6441
8.9,9.64655
8.916667,9.64907
8.933333,9.65172
8.95,9.6544
8.966667,9.65711
8.983333,9.65971
9,9.66207
9.016667,9.66408
9.033333,9.66584
9.05,9.66723
9.066667,9.66786
9.083333,9.66848
9.1,9.66904
9.116667,9.66976
9.133333,9.67113
9.15,9.67263
9.166667,9.67413
9.183333,9.67555
9.2,9.67687
9.216667,9.67769
9.233333,9.67819
9.25,9.67874
9.266667,9.67924
9.283333,9.67904
9.3,9.67915
9.316667,9.6801
9.333333,9.68104
9.35,9.68184
9.366667,9.6827
9.383333,9.68344
9.4,9.68414
9.416667,9.68502
9.433333,9.68613
9.45,9.68628
9.466667,9.68635
9.483333,9.68656
9.5,9.68662
9.516667,9.68653
9.533333,9.68642
9.55,9.68664
9.566667,9.68708
9.583333,9.68759
9.6,9.68812
9.616667,9.68856
9.633333,9.68887
9.65,9.68867
9.666667,9.68833
9.683333,9.68808
9.7,9.68786
9.716667,9.68788
9.733333,9.68854
9.75,9.68929
9.766667,9.68985
9.783333,9.69034
9.8,9.69072
9.816667,9.69081
9.833333,9.69079
9.85,9.69125
9.866667,9.69175
9.883333,9.6918
9.9,9.69102
9.916667,9.6912
9.933333,9.69209
9.95,9.69245
9.966667,9.69274
9.983333,9.69332
10,9.6934
10.016667,9.6938
10.033333,9.6943
10.05,9.69358
10.066667,9.69351
10.083333,9.6936
10.1,9.69334
10.116667,9.69305
10.133333,9.69293
10.15,9.69331
10.166667,9.69393
10.183333,9.69458
10.2,9.69524
10.216667,9.69559
10.233333,9.69576
10.25,9.69576
10.266667,9.69564
10.283333,9.69552
10.3,9.69554
10.316667,9.69579
10.333333,9.69619
10.35,9.69661
10.366667,9.69706
10.383333,9.69779
10.4,9.69852
10.416667,9.69909
10.433333,9.6994
10.45,9.69956
10.466667,9.69956
10.483333,9.69931
10.5,9.69912
10.516667,9.69942
10.533333,9.69981
10.55,9.70027
10.566667,9.70052
10.583333,9.70067
10.6,9.70063
10.616667,9.70045
10.633333,9.70044
10.65,9.70044
10.666667,9.70003
10.683333,9.69984
10.7,9.6995
10.716667,9.69894
10.733333,9.69845
10.75,9.69818
10.766667,9.6982
10.783333,9.69823
10.8,9.69827
10.816667,9.6984
10.833333,9.69865
10.85,9.6986
10.866667,9.69808
10.883333,9.69758
10.9,9.69755
10.916667,9.69774
10.933333,9.69757
10.95,9.69766
10.966667,9.69719
10.983333,9.69706
11,9.69899
11.016667,9.70192
11.033333,9.70183
11.05,9.69707
11.066667,9.68499
11.083333,9.66291
11.1,9.63818
11.116667,9.61619
11.133333,9.59423
11.15,9.57407
11.166667,9.56872
11.183333,9.57519
11.2,9.58182
11.216667,9.59266
11.233333,9.60253
11.25,9.61157
11.266667,9.61969
11.283333,9.62729
11.3,9.633
11.316667,9.63697
11.333333,9.64056
11.35,9.644
11.366667,9.64692
11.383333,9.65124
11.4,9.65551
11.416667,9.65958
11.433333,9.663
11.45,9.66615
11.466667,9.66873
11.483333,9.67126
11.5,9.67409
11.516667,9.67705
11.533333,9.67885
11.55,9.67968
11.566667,9.68077
11.583333,9.68175
11.6,9.68221
11.616667,9.68316
11.633333,9.68433
11.65,9.68542
11.666667,9.68656
11.683333,9.6876
11.7,9.68819
11.716667,9.68838
11.733333,9.68829
11.75,9.68815
11.766667,9.68822
11.783333,9.68839
11.8,9.6885
11.816667,9.68861
11.833333,9.68905
11.85,9.68961
11.866667,9.68999
11.883333,9.69025
11.9,9.69064
11.916667,9.69102
11.933333,9.69112
11.95,9.69085
11.966667,9.69059
11.983333,9.69074
12,9.69053
12.016667,9.69084
12.033333,9.69122
12.05,9.69155
12.066667,9.69199
12.083333,9.69248
12.1,9.69314
12.116667,9.69372
12.133333,9.69435
12.15,9.69464
12.166667,9.6945
12.183333,9.6941
12.2,9.69366
12.216667,9.69325
12.233333,9.69298
12.25,9.69282
12.266667,9.69328
12.283333,9.69405
12.3,9.69485
12.316667,9.69568
12.333333,9.6963
12.35,9.69649
12.366667,9.6965
12.383333,9.69654
12.4,9.69632
12.416667,9.69636
12.433333,9.69717
12.45,9.69747
12.466667,9.69743
12.483333,9.69737
12.5,9.69723
12.516667,9.69746
12.533333,9.69802
12.55,9.69875
12.566667,9.69947
12.583333,9.69994
12.6,9.7001
12.616667,9.69999
12.633333,9.69989
12.65,9.69962
12.666667,9.69945
12.683333,9.6994
12.7,9.69944
12.716667,9.6993
12.733333,9.69895
12.75,9.69863
12.766667,9.69848
12.783333,9.69843
12.8,9.69875
12.816667,9.69958
12.833333,9.70121
12.85,9.7005
12.866667,9.70028
12.883333,9.70014
12.9,9.70005
12.916667,9.7001
12.933333,9.70029
12.95,9.70126
12.966667,9.70544
12.983333,9.71501
13,9.73464
13.016667,9.76107
13.033333,9.77824
13.05,9.78057
13.066667,9.7773
13.083333,9.77158
13.1,9.76605
13.116667,9.76118
13.133333,9.75675
13.15,9.75289
13.166667,9.7493
13.183333,9.74655
13.2,9.74377
13.216667,9.74122
13.233333,9.73803
13.25,9.73488
13.266667,9.73161
13.283333,9.72861
13.3,9.72604
13.316667,9.72366
13.333333,9.72135
13.35,9.7192
13.366667,9.71726
13.383333,9.71546
13.4,9.71387
13.416667,9.71252
13.433333,9.70997
13.45,9.70683
13.466667,9.70395
13.483333,9.70247
13.5,9.701
13.516667,9.70215
13.533333,9.70214
13.55,9.69395
13.566667,9.68508
13.583333,9.67519
13.6,9.66778
13.616667,9.66041
13.633333,9.65464
13.65,9.64083
13.666667,9.62264
13.683333,9.61732
13.7,9.62091
13.716667,9.62791
13.733333,9.63388
13.75,9.64112
13.766667,9.6494
13.783333,9.65699
13.8,9.66539
13.816667,9.67157
13.833333,9.67532
13.85,9.67777
13.866667,9.67951
13.883333,9.68132
13.9,9.68293
13.916667,9.68505
13.933333,9.68771
13.95,9.69008
13.966667,9.69217
13.983333,9.69389
14,9.69514
14.016667,9.69608
14.033333,9.69682
14.05,9.69744
14.066667,9.69793
14.083333,9.69816
14.1,9.69826
14.116667,9.69847
14.133333,9.69898
14.15,9.69979
14.166667,9.70037
14.183333,9.70061
14.2,9.70093
14.216667,9.70125
14.233333,9.70163
14.25,9.70204
14.266667,9.70227
14.283333,9.70276
14.3,9.70314
14.316667,9.70349
14.333333,9.70348
14.35,9.70341
14.366667,9.70337
14.383333,9.70347
14.4,9.70373
14.416667,9.70413
14.433333,9.7046
14.45,9.70521
14.466667,9.70569
14.483333,9.70596
14.5,9.70616
14.516667,9.70653
14.533333,9.70688
14.55,9.70708
14.566667,9.70708
14.583333,9.70697
14.6,9.70678
14.616667,9.70652
14.633333,9.70626
14.65,9.7064
14.666667,9.70697
14.683333,9.70755
14.7,9.70793
14.716667,9.70816
14.733333,9.70832
14.75,9.70851
14.766667,9.70885
14.783333,9.70926
14.8,9.70945
14.816667,9.70988
14.833333,9.71052
14.85,9.71082
14.866667,9.71082
14.883333,9.71077
14.9,9.7109
14.916667,9.7113
14.933333,9.71181
14.95,9.71232
14.966667,9.71278
14.983333,9.71298
15,9.71284
15.016667,9.7127
15.033333,9.71281
15.05,9.7126
15.066667,9.71254
15.083333,9.71251
15.1,9.71251
15.116667,9.71227
15.133333,9.71173
15.15,9.71134
15.166667,9.71103
15.183333,9.7108
15.2,9.71094
15.216667,9.71138
15.233333,9.71192
15.25,9.71212
15.266667,9.71213
15.283333,9.7121
15.3,9.71218
15.316667,9.71227
15.333333,9.71231
15.35,9.71218
15.366667,9.71198
15.383333,9.7116
15.4,9.71144
15.416667,9.71148
15.433333,9.7116
15.45,9.71178
15.466667,9.71186
15.483333,9.71186
15.5,9.71193
15.516667,9.712
15.533333,9.71203
15.55,9.71193
15.566667,9.71171
15.583333,9.7115
15.6,9.71131
15.616667,9.71111
15.633333,9.71082
15.65,9.71058
15.666667,9.71028
15.683333,9.71009
15.7,9.71019
15.716667,9.71081
15.733333,9.71148
15.75,9.71192
15.766667,9.71221
15.783333,9.71242
15.8,9.71255
15.816667,9.71259
15.833333,9.71269
15.85,9.71277
15.866667,9.71283
15.883333,9.71319
15.9,9.71354
15.916667,9.714
15.933333,9.71512
15.95,9.71652
15.966667,9.71593
15.983333,9.71505
16,9.71635
16.016667,9.72055
16.033333,9.71877
16.05,9.70957
16.066667,9.6943
16.083333,9.67976
16.1,9.67094
16.116667,9.66673
16.133333,9.66264
16.15,9.6586
16.166667,9.6574
16.183333,9.65815
16.2,9.659
16.216667,9.65937
16.233333,9.66088
16.25,9.66248
16.266667,9.66407
16.283333,9.66587
16.3,9.67051
16.316667,9.67431
16.333333,9.67699
16.35,9.68091
16.366667,9.68527
16.383333,9.68958
16.4,9.69187
16.416667,9.69378
16.433333,9.69573
16.45,9.69742
16.466667,9.69885
16.483333,9.70055
16.5,9.70242
16.516667,9.70466
16.533333,9.70564
16.55,9.70677
16.566667,9.70774
16.583333,9.70821
16.6,9.70842
16.616667,9.70861
16.633333,9.70863
16.65,9.70879
16.666667,9.70923
16.683333,9.70967
16.7,9.70984
16.716667,9.70964
16.733333,9.70943
16.75,9.70931
16.766667,9.70913
16.783333,9.70928
16.8,9.70954
16.816667,9.70957
16.833333,9.70965
16.85,9.70992
16.866667,9.70994
16.883333,9.7099
16.9,9.70984
16.916667,9.70986
16.933333,9.70988
16.95,9.70984
16.966667,9.70994
16.983333,9.71021
17,9.71049
17.016667,9.71092
17.033333,9.7113
17.05,9.71164
17.066667,9.71197
17.083333,9.71236
17.1,9.71256
17.116667,9.71249
17.133333,9.71265
17.15,9.71308
17.166667,9.71328
17.183333,9.71333
17.2,9.71326
17.216667,9.71324
17.233333,9.71317
17.25,9.71316
17.266667,9.71334
17.283333,9.71366
17.3,9.71402
17.316667,9.71428
17.333333,9.71423
17.35,9.71409
17.366667,9.71415
17.383333,9.71428
17.4,9.71444
17.416667,9.71444
17.433333,9.71437
17.45,9.7144
17.466667,9.7146
17.483333,9.71486
17.5,9.71527
17.516667,9.71573
17.533333,9.7162
17.55,9.71647
17.566667,9.71663
17.583333,9.71663
17.6,9.7164
17.616667,9.71619
17.633333,9.71604
17.65,9.71595
17.666667,9.71601
17.683333,9.71609
17.7,9.71601
17.716667,9.71577
17.733333,9.71568
17.75,9.71576
17.766667,9.71595
17.783333,9.71617
17.8,9.71612
17.816667,9.7159
17.833333,9.71559
17.85,9.71505
17.866667,9.71423
17.883333,9.71376
17.9,9.71377
17.916667,9.71404
17.933333,9.71435
17.95,9.71461
17.966667,9.71502
17.983333,9.71528
18,9.71532
18.016667,9.71512
18.033333,9.7152
18.05,9.71482
18.066667,9.71487
18.083333,9.71485
18.1,9.71465
18.116667,9.71433
18.133333,9.71404
18.15,9.71392
18.166667,9.71386
18.183333,9.71408
18.2,9.71462
18.216667,9.71499
18.233333,9.7149
18.25,9.71453
18.266667,9.71426
18.283333,9.71387
18.3,9.71349
18.316667,9.71315
18.333333,9.71299
18.35,9.71295
18.366667,9.71298
18.383333,9.71263
18.4,9.71268
18.416667,9.71278
18.433333,9.71215
18.45,9.71098
18.466667,9.71027
18.483333,9.71001
18.5,9.71015
18.516667,9.70994
18.533333,9.71069
18.55,9.70475
18.566667,9.69683
18.583333,9.68532
18.6,9.67926
18.616667,9.67728
18.633333,9.67291
18.65,9.66945
18.666667,9.66725
18.683333,9.66517
18.7,9.66693
18.716667,9.66879
18.733333,9.67039
18.75,9.67064
18.766667,9.67042
18.783333,9.6742
18.8,9.67847
18.816667,9.68101
18.833333,9.68493
18.85,9.68981
18.866667,9.69401
18.883333,9.69583
18.9,9.69658
18.916667,9.69811
18.933333,9.69967
18.95,9.70049
18.966667,9.70152
18.983333,9.70291
19,9.70461
19.016667,9.70623
19.033333,9.70661
19.05,9.70698
19.066667,9.70716
19.083333,9.70723
19.1,9.70749
19.116667,9.70798
19.133333,9.70858
19.15,9.70951
19.166667,9.71045
19.183333,9.71111
19.2,9.71153
19.216667,9.71175
19.233333,9.71182
19.25,9.7118
19.266667,9.71207
19.283333,9.71238
19.3,9.71247
19.316667,9.71255
19.333333,9.71287
19.35,9.71324
19.366667,9.71382
19.383333,9.71442
19.4,9.71476
19.416667,9.71488
19.433333,9.71475
19.45,9.71447
19.466667,9.7141
19.483333,9.7136
19.5,9.71335
19.516667,9.71313
19.533333,9.71303
19.55,9.71307
19.566667,9.71347
19.583333,9.71425
19.6,9.71499
19.616667,9.71559
19.633333,9.71619
19.65,9.71678
19.666667,9.71692
19.683333,9.71692
19.7,9.71686
19.716667,9.71683
19.733333,9.71687
19.75,9.71706
19.766667,9.7172
19.783333,9.71753
19.8,9.7179
19.816667,9.71818
19.833333,9.71818
19.85,9.7183
19.866667,9.71822
19.883333,9.71788
19.9,9.71731
19.916667,9.7167
19.933333,9.71637
19.95,9.7162
19.966667,9.71623
19.983333,9.71623
20,9.71629
20.016667,9.71631
20.033333,9.71621
20.05,9.71602
20.066667,9.71567
20.083333,9.71558
20.1,9.71513
20.116667,9.71457
20.133333,9.71416
20.15,9.71385
20.166667,9.71376
20.183333,9.71377
20.2,9.71401
20.216667,9.71428
20.233333,9.71467
20.25,9.71494
20.266667,9.7147
20.283333,9.71418
20.3,9.71364
20.316667,9.7132
20.333333,9.7128
20.35,9.71268
20.366667,9.71267
20.383333,9.71289
20.4,9.71296
20.416667,9.71302
20.433333,9.71327
20.45,9.7134
20.466667,9.71332
20.483333,9.71331
20.5,9.71336
20.516667,9.71322
20.533333,9.71292
20.55,9.7125
20.566667,9.71207
20.583333,9.7121
20.6,9.71265
20.616667,9.71342
20.633333,9.71408
20.65,9.71441
20.666667,9.7145
20.683333,9.71455
20.7,9.71444
20.716667,9.71455
20.733333,9.71539
20.75,9.71601
20.766667,9.71555
20.783333,9.716
20.8,9.71677
20.816667,9.71719
20.833333,9.71752
20.85,9.71792
20.866667,9.71846
20.883333,9.7195
20.9,9.71897
20.916667,9.71805
20.933333,9.71822
20.95,9.71924
20.966667,9.72068
20.983333,9.7201
21,9.71949
21.016667,9.71942
21.033333,9.72003
21.05,9.71365
21.066667,9.70464
21.083333,9.69912
21.1,9.69608
21.116667,9.69156
21.133333,9.68651
21.15,9.68212
21.166667,9.67723
21.183333,9.67523
21.2,9.67278
21.216667,9.66851
21.233333,9.66471
21.25,9.66398
21.266667,9.67086
21.283333,9.68534
21.3,9.69527
21.316667,9.70231
21.333333,9.70554
21.35,9.70644
21.366667,9.70675
21.383333,9.70769
21.4,9.70872
21.416667,9.70928
21.433333,9.70974
21.45,9.71065
21.466667,9.71174
21.483333,9.71255
21.5,9.71277
21.516667,9.7127
21.533333,9.7126
21.55,9.71259
21.566667,9.71257
21.583333,9.71262
21.6,9.71274
21.616667,9.71288
21.633333,9.71327
21.65,9.71351
21.666667,9.71355
21.683333,9.71339
21.7,9.71321
21.716667,9.71315
21.733333,9.71291
21.75,9.71258
21.766667,9.71252
21.783333,9.71272
21.8,9.71307
21.816667,9.71335
21.833333,9.71385
21.85,9.71408
21.866667,9.71429
21.883333,9.71425
21.9,9.71435
21.916667,9.71436
21.933333,9.71474
21.95,9.71458
21.966667,9.71454
21.983333,9.71453
22,9.71443
22.016667,9.71451
22.033333,9.71482
22.05,9.7154
22.066667,9.71617
22.083333,9.71683
22.1,9.71716
22.116667,9.71715
22.133333,9.71708
22.15,9.71682
22.166667,9.71664
22.183333,9.71664
22.2,9.71682
22.216667,9.71713
22.233333,9.71738
22.25,9.71752
22.266667,9.71731
22.283333,9.71748
22.3,9.71783
22.316667,9.71808
22.333333,9.71815
22.35,9.71805
22.366667,9.71788
22.383333,9.71728
22.4,9.71664
22.416667,9.71617
22.433333,9.71589
22.45,9.71582
22.466667,9.71549
22.483333,9.7151
22.5,9.71499
22.516667,9.71498
22.533333,9.71488
22.55,9.71471
22.566667,9.71471
22.583333,9.71473
22.6,9.7147
22.616667,9.71439
22.633333,9.71392
22.65,9.71329
22.666667,9.71298
22.683333,9.71276
22.7,9.71253
22.716667,9.71255
22.733333,9.71258
22.75,9.71275
22.766667,9.71305
22.783333,9.71315
22.8,9.71305
22.816667,9.71313
22.833333,9.71299
22.85,9.71267
22.866667,9.71241
22.883333,9.71232
22.9,9.71206
22.916667,9.71193
22.933333,9.71248
22.95,9.71354
22.966667,9.71469
22.983333,9.71595
23,9.7171
23.016667,9.718
23.033333,9.71888
23.05,9.71939
23.066667,9.72009
23.083333,9.72166
23.1,9.72214
23.116667,9.72081
23.133333,9.72011
23.15,9.72044
23.166667,9.72148
23.183333,9.7226
23.2,9.722
23.216667,9.72118
23.233333,9.72088
23.25,9.72107
23.266667,9.72109
23.283333,9.72068
23.3,9.71979
23.316667,9.71891
23.333333,9.71823
23.35,9.71801
23.366667,9.71822
23.383333,9.71887
23.4,9.71921
23.416667,9.71923
23.433333,9.71991
23.45,9.72062
23.466667,9.72085
23.483333,9.71994
23.5,9.72036
23.516667,9.72263
23.533333,9.72472
23.55,9.72112
23.566667,9.71389
23.583333,9.70035
23.6,9.68565
23.616667,9.67976
23.633333,9.676
23.65,9.67501
23.666667,9.67516
23.683333,9.67697
23.7,9.67908
23.716667,9.6803
23.733333,9.68166
23.75,9.68187
23.766667,9.68357
23.783333,9.68627
23.8,9.6892
23.816667,9.6915
23.833333,9.69415
23.85,9.69693
23.866667,9.69962
23.883333,9.70179
23.9,9.70341
23.916667,9.70567
23.933333,9.70718
23.95,9.70818
23.966667,9.70887
23.983333,9.71007
24,9.71146
24.016667,9.71278
24.033333,9.71383
24.05,9.71453
24.066667,9.71502
24.083333,9.71531
24.1,9.71534
24.116667,9.71525
24.133333,9.71507
24.15,9.71496
24.166667,9.71468
24.183333,9.71438
24.2,9.71416
24.216667,9.71398
24.233333,9.71396
24.25,9.71416
24.266667,9.71435
24.283333,9.71442
24.3,9.71451
24.316667,9.71462
24.333333,9.71478
24.35,9.71506
24.366667,9.71528
24.383333,9.71546
24.4,9.71566
24.416667,9.71588
24.433333,9.71591
24.45,9.71562
24.466667,9.71523
24.483333,9.71475
24.5,9.71446
24.516667,9.71435
24.533333,9.71432
24.55,9.71441
24.566667,9.71459
24.583333,9.71453
24.6,9.71416
24.616667,9.71397
24.633333,9.71395
24.65,9.71371
24.666667,9.71347
24.683333,9.71322
24.7,9.71291
24.716667,9.71288
24.733333,9.71293
24.75,9.71285
24.766667,9.71292
24.783333,9.71307
24.8,9.7132
24.816667,9.7135
24.833333,9.71414
24.85,9.71509
24.866667,9.71611
24.883333,9.71711
24.9,9.71796
24.916667,9.71841
24.933333,9.71897
24.95,9.71956
24.966667,9.72022
24.983333,9.72121
25,9.72118
25.016667,9.72087
25.033333,9.72077
25.05,9.72073
25.066667,9.72139
25.083333,9.72161
25.1,9.72186
25.116667,9.7226
25.133333,9.72325
25.15,9.72348
25.166667,9.72326
25.183333,9.72253
25.2,9.72174
25.216667,9.72114
25.233333,9.72075
25.25,9.72074
25.266667,9.72099
25.283333,9.72123
25.3,9.72145
25.316667,9.7215
25.333333,9.7214
25.35,9.72134
25.366667,9.72124
25.383333,9.72107
25.4,9.7209
25.416667,9.72062
25.433333,9.72039
25.45,9.72009
25.466667,9.71976
25.483333,9.71964
25.5,9.71957
25.516667,9.71962
25.533333,9.71966
25.55,9.71942
25.566667,9.71888
25.583333,9.7183
25.6,9.71793
25.616667,9.71792
25.633333,9.7181
25.65,9.71841
25.666667,9.71887
25.683333,9.71927
25.7,9.71946
25.716667,9.7196
25.733333,9.71978
25.75,9.71986
25.766667,9.71983
25.783333,9.72006
25.8,9.72041
25.816667,9.72065
25.833333,9.72067
25.85,9.72059
25.866667,9.72045
25.883333,9.72093
25.9,9.72167
25.916667,9.72138
25.933333,9.72047
25.95,9.71964
25.966667,9.71971
25.983333,9.71959
26,9.71784
26.016667,9.71584
26.033333,9.71661
26.05,9.71756
26.066667,9.7111
26.083333,9.7037
26.1,9.69291
26.116667,9.68513
26.133333,9.6826
26.15,9.68017
26.166667,9.67874
26.183333,9.67889
26.2,9.67973
26.216667,9.68239
26.233333,9.68269
26.25,9.68257
26.266667,9.68396
26.283333,9.68538
26.3,9.68879
26.316667,9.69338
26.333333,9.69821
26.35,9.70114
26.366667,9.70302
26.383333,9.70532
26.4,9.70648
26.416667,9.70686
26.433333,9.7074
26.45,9.70842
26.466667,9.71012
26.483333,9.71176
26.5,9.71298
26.516667,9.71372
26.533333,9.7144
26.55,9.7151
26.566667,9.71574
26.583333,9.71654
26.6,9.71724
26.616667,9.71774
26.633333,9.71802
26.65,9.71821
26.666667,9.71855
26.683333,9.71901
26.7,9.71931
26.716667,9.7198
26.733333,9.72029
26.75,9.72044
26.766667,9.72038
26.783333,9.72026
26.8,9.72008
26.816667,9.72004
26.833333,9.72011
26.85,9.72011
26.866667,9.71969
26.883333,9.7189
26.9,9.71811
26.916667,9.71729
26.933333,9.71683
26.95,9.7167
26.966667,9.71677
26.983333,9.71698
27,9.7172
27.016667,9.7175
27.033333,9.7176
27.05,9.71808
27.066667,9.71841
27.083333,9.71895
27.1,9.7197
27.116667,9.7199
27.133333,9.71995
27.15,9.72037
27.166667,9.72059
27.183333,9.72064
27.2,9.72067
27.216667,9.72067
27.233333,9.72088
27.25,9.72148
27.266667,9.72177
27.283333,9.72173
27.3,9.72154
27.316667,9.72121
27.333333,9.7208
27.35,9.72056
27.366667,9.72039
27.383333,9.72012
27.4,9.71967
27.416667,9.71925
27.433333,9.71893
27.45,9.7188
27.466667,9.71846
27.483333,9.71808
27.5,9.71758
27.516667,9.71704
27.533333,9.71652
27.55,9.7166
27.566667,9.71695
27.583333,9.71696
27.6,9.71687
27.616667,9.71662
27.633333,9.71648
27.65,9.71632
27.666667,9.71603
27.683333,9.71546
27.7,9.71523
27.716667,9.71502
27.733333,9.715
27.75,9.7153
27.766667,9.71616
27.783333,9.71701
27.8,9.71747
27.816667,9.7174
27.833333,9.71734
27.85,9.71758
27.866667,9.7183
27.883333,9.71885
27.9,9.71899
27.916667,9.71942
27.933333,9.71985
27.95,9.72057
27.966667,9.72152
27.983333,9.72188
28,9.72201
28.016667,9.72227
28.033333,9.72257
28.05,9.72273
28.066667,9.7232
28.083333,9.72334
28.1,9.72282
28.116667,9.72195
28.133333,9.72131
28.15,9.7212
28.166667,9.72155
28.183333,9.72207
28.2,9.7221
28.216667,9.72175
28.233333,9.72123
28.25,9.72088
28.266667,9.7205
28.283333,9.72038
28.3,9.72055
28.316667,9.72043
28.333333,9.72035
28.35,9.72028
28.366667,9.72002
28.383333,9.71938
28.4,9.71927
28.416667,9.72001
28.433333,9.72041
28.45,9.71969
28.466667,9.71978
28.483333,9.72082
28.5,9.7207
28.516667,9.71884
28.533333,9.71635
28.55,9.71371
28.566667,9.70419
28.583333,9.697
28.6,9.69447
28.616667,9.69318
28.633333,9.69032
28.65,9.68805
28.666667,9.6877
28.683333,9.68956
28.7,9.69119
28.716667,9.68999
28.733333,9.69052
28.75,9.69057
28.766667,9.69101
28.783333,9.6942
28.8,9.6974
28.816667,9.69999
28.833333,9.70222
28.85,9.70354
28.866667,9.70407
28.883333,9.70533
28.9,9.70733
28.916667,9.70947
28.933333,9.71154
28.95,9.71306
28.966667,9.71403
28.983333,9.71459
29,9.71491
29.016667,9.71516
29.033333,9.71541
29.05,9.71571
29.066667,9.71577
29.083333,9.7158
29.1,9.71598
29.116667,9.7161
29.133333,9.71612
29.15,9.71625
29.166667,9.71698
29.183333,9.71778
29.2,9.7183
29.216667,9.71812
29.233333,9.71758
29.25,9.71708
29.266667,9.71668
29.283333,9.71635
29.3,9.71609
29.316667,9.71594
29.333333,9.71576
29.35,9.71571
29.366667,9.71558
29.383333,9.71556
29.4,9.7161
29.416667,9.71662
29.433333,9.71713
29.45,9.71742
29.466667,9.71787
29.483333,9.71855
29.5,9.7189
29.516667,9.71922
29.533333,9.71979
29.55,9.7208
29.566667,9.7218
29.583333,9.72253
29.6,9.72315
29.616667,9.72392
29.633333,9.72473
29.65,9.72538
29.666667,9.72586
29.683333,9.72611
29.7,9.72609
29.716667,9.72586
29.733333,9.7257
29.75,9.72472
29.766667,9.72338
29.783333,9.72259
29.8,9.72194
29.816667,9.72128
29.833333,9.7208
29.85,9.72026
29.866667,9.71925
29.883333,9.71851
29.9,9.71823
29.916667,9.71862
29.933333,9.71878
29.95,9.71876
29.966667,9.72007
29.983333,9.72078
30,9.72033
30.016667,9.71946
30.033333,9.71891
30.05,9.71914
30.066667,9.71945
30.083333,9.7211
30.1,9.72233
30.116667,9.72286
30.133333,9.72292
30.15,9.72186
30.166667,9.71998
30.183333,9.71966
30.2,9.71953
30.216667,9.71926
30.233333,9.71824
30.25,9.7177
30.266667,9.71936
30.283333,9.71982
30.3,9.72003
30.316667,9.72006
30.333333,9.72113
30.35,9.72196
30.366667,9.72318
30.383333,9.72364
30.4,9.72393
30.416667,9.72407
30.433333,9.72399
30.45,9.72396
30.466667,9.72422
30.483333,9.72449
30.5,9.72466
30.516667,9.72501
30.533333,9.72516
30.55,9.72479
30.566667,9.72426
30.583333,9.72389
30.6,9.72377
30.616667,9.72383
30.633333,9.7237
30.65,9.72358
30.666667,9.72366
30.683333,9.72377
30.7,9.72376
30.716667,9.72369
30.733333,9.72356
30.75,9.72348
30.766667,9.72339
30.783333,9.72341
30.8,9.72343
30.816667,9.7235
30.833333,9.72341
30.85,9.72317
30.866667,9.7232
30.883333,9.72339
30.9,9.72319
30.916667,9.72309
30.933333,9.72301
30.95,9.7225
30.966667,9.72222
30.983333,9.72238
31,9.72126
31.016667,9.72017
31.033333,9.72223
31.05,9.7191
31.066667,9.71153
31.083333,9.70485
31.1,9.70092
31.116667,9.69634
31.133333,9.69259
31.15,9.69052
31.166667,9.68864
31.183333,9.68732
31.2,9.68951
31.216667,9.69018
31.233333,9.68969
31.25,9.68946
31.266667,9.68986
31.283333,9.69153
31.3,9.69407
31.316667,9.69703
31.333333,9.69989
31.35,9.70301
31.366667,9.70475
31.383333,9.7065
31.4,9.71003
31.416667,9.71333
31.433333,9.71566
31.45,9.71659
31.466667,9.71705
31.483333,9.71778
31.5,9.71818
31.516667,9.71802
31.533333,9.71802
31.55,9.71831
31.566667,9.71916
31.583333,9.7203
31.6,9.72128
31.616667,9.72172
31.633333,9.72174
31.65,9.72227
31.666667,9.72257
31.683333,9.72264
31.7,9.72277
31.716667,9.72288
31.733333,9.72316
31.75,9.7233
31.766667,9.72308
31.783333,9.72274
31.8,9.72233
31.816667,9.72224
31.833333,9.72262
31.85,9.72323
31.866667,9.72395
31.883333,9.7245
31.9,9.72449
31.916667,9.72408
31.933333,9.72349
31.95,9.7227
31.966667,9.72179
31.983333,9.72149
32,9.72178
32.016667,9.72224
32.033333,9.72238
32.05,9.72237
32.066667,9.7223
32.083333,9.72242
32.1,9.72288
32.116667,9.72346
32.133333,9.72356
32.15,9.72344
32.166667,9.72355
32.183333,9.72299
32.2,9.72241
32.216667,9.72197
32.233333,9.72187
32.25,9.72194
32.266667,9.72194
32.283333,9.72207
32.3,9.72202
32.316667,9.72146
32.333333,9.72122
32.35,9.72083
32.366667,9.72063
32.383333,9.72082
32.4,9.72086
32.416667,9.72133
32.433333,9.72083
32.45,9.72127
32.466667,9.72205
32.483333,9.72231
32.5,9.72217
32.516667,9.7226
32.533333,9.72304
32.55,9.7233
32.566667,9.72416
32.583333,9.72425
32.6,9.72437
32.616667,9.72558
32.633333,9.72635
32.65,9.72689
32.666667,9.72671
32.683333,9.72557
32.7,9.7241
32.716667,9.72365
32.733333,9.72338
32.75,9.72346
32.766667,9.7236
32.783333,9.72339
32.8,9.72316
32.816667,9.72349
32.833333,9.72338
32.85,9.72242
32.866667,9.72228
32.883333,9.7227
32.9,9.7237
32.916667,9.72423
32.933333,9.7246
32.95,9.72491
32.966667,9.72529
32.983333,9.72593
33,9.72673
33.016667,9.72736
33.033333,9.72748
33.05,9.72693
33.066667,9.7265
33.083333,9.72626
33.1,9.72603
33.116667,9.72602
33.133333,9.72609
33.15,9.72645
33.166667,9.72674
33.183333,9.72694
33.2,9.72712
33.216667,9.72688
33.233333,9.72649
33.25,9.72619
33.266667,9.72594
33.283333,9.72574
33.3,9.72562
33.316667,9.72543
33.333333,9.72499
33.35,9.72459
33.366667,9.72435
33.383333,9.72454
33.4,9.72467
33.416667,9.72481
33.433333,9.72451
33.45,9.72375
33.466667,9.72284
33.483333,9.72178
33.5,9.72003
33.516667,9.71845
33.533333,9.71739
33.55,9.71799
33.566667,9.71254
33.583333,9.70759
33.6,9.70456
33.616667,9.70174
33.633333,9.69899
33.65,9.69642
33.666667,9.69587
33.683333,9.69717
33.7,9.6979
33.716667,9.69627
33.733333,9.69504
33.75,9.69468
33.766667,9.6946
33.783333,9.69558
33.8,9.69817
33.816667,9.70128
33.833333,9.70428
33.85,9.70669
33.866667,9.70852
33.883333,9.70968
33.9,9.71129
33.916667,9.71298
33.933333,9.71473
33.95,9.71633
33.966667,9.71737
33.983333,9.71803
34,9.71846
34.016667,9.71878
34.033333,9.71924
34.05,9.71996
34.066667,9.72061
34.083333,9.72114
34.1,9.72157
34.116667,9.72206
34.133333,9.72236
34.15,9.72241
34.166667,9.72224
34.183333,9.72205
34.2,9.72226
34.216667,9.72268
34.233333,9.72334
34.25,9.72423
34.266667,9.7248
34.283333,9.72501
34.3,9.72538
34.316667,9.7255
34.333333,9.72529
34.35,9.72493
34.366667,9.72476
34.383333,9.72407
34.4,9.72338
34.416667,9.72302
34.433333,9.72252
34.45,9.72287
34.466667,9.723
34.483333,9.72312
34.5,9.72335
34.516667,9.72386
34.533333,9.72411
34.55,9.72364
34.566667,9.72306
34.583333,9.72283
34.6,9.7228
34.616667,9.72308
34.633333,9.72342
34.65,9.72387
34.666667,9.72453
34.683333,9.72515
34.7,9.72564
34.716667,9.72618
34.733333,9.72647
34.75,9.7262
34.766667,9.72583
34.783333,9.72571
34.8,9.72555
34.816667,9.72525
34.833333,9.72513
34.85,9.72489
34.866667,9.72466
34.883333,9.7246
34.9,9.7248
34.916667,9.72497
34.933333,9.72495
34.95,9.72478
34.966667,9.72461
34.983333,9.7244
35,9.72407
35.016667,9.72377
35.033333,9.72362
35.05,9.72357
35.066667,9.7238
35.083333,9.72418
35.1,9.72471
35.116667,9.72513
35.133333,9.72547
35.15,9.72611
35.166667,9.72661
35.183333,9.72673
35.2,9.72677
35.216667,9.72675
35.233333,9.72654
35.25,9.72656
35.266667,9.72675
35.283333,9.72707
35.3,9.72754
35.316667,9.72801
35.333333,9.72866
35.35,9.72878
35.366667,9.72865
35.383333,9.72842
35.4,9.728
35.416667,9.72788
35.433333,9.72796
35.45,9.72805
35.466667,9.72782
35.483333,9.72722
35.5,9.72668
35.516667,9.72651
35.533333,9.72659
35.55,9.7268
35.566667,9.72704
35.583333,9.72713
35.6,9.7269
35.616667,9.72766
35.633333,9.72784
35.65,9.72762
35.666667,9.72712
35.683333,9.72687
35.7,9.72714
35.716667,9.72753
35.733333,9.72718
35.75,9.72686
35.766667,9.72668
35.783333,9.72627
35.8,9.72633
35.816667,9.72648
35.833333,9.72611
35.85,9.72536
35.866667,9.72493
35.883333,9.72437
35.9,9.72304
35.916667,9.72204
35.933333,9.72193
35.95,9.72188
35.966667,9.7214
35.983333,9.71986
36,9.71726
36.016667,9.71444
36.033333,9.71573
36.05,9.72093
36.066667,9.71818
36.083333,9.71377
36.1,9.70151
36.116667,9.69542
36.133333,9.69545
36.15,9.69425
36.166667,9.69304
36.183333,9.6927
36.2,9.69378
36.216667,9.69628
36.233333,9.69925
36.25,9.7013
36.266667,9.70184
36.283333,9.70328
36.3,9.70441
36.316667,9.70655
36.333333,9.70946
36.35,9.71151
36.366667,9.71307
36.383333,9.71435
36.4,9.71556
36.416667,9.71724
36.433333,9.71898
36.45,9.72066
36.466667,9.722
36.483333,9.72301
36.5,9.72398
36.516667,9.72447
36.533333,9.72456
36.55,9.72455
36.566667,9.72471
36.583333,9.72501
36.6,9.72548
36.616667,9.72586
36.633333,9.7262
36.65,9.72666
36.666667,9.72707
36.683333,9.72724
36.7,9.72714
36.716667,9.7271
36.733333,9.72713
36.75,9.72684
36.766667,9.72672
36.783333,9.72675
36.8,9.72708
36.816667,9.72775
36.833333,9.72813
36.85,9.72829
36.866667,9.72835
36.883333,9.72863
36.9,9.72902
36.916667,9.72918
36.933333,9.7289
36.95,9.7285
36.966667,9.72819
36.983333,9.72741
37,9.72696
37.016667,9.72708
37.033333,9.72743
37.05,9.72752
37.066667,9.7277
37.083333,9.72808
37.1,9.72836
37.116667,9.72821
37.133333,9.72787
37.15,9.72744
37.166667,9.72751
37.183333,9.72721
37.2,9.72683
37.216667,9.72643
37.233333,9.72585
37.25,9.72539
37.266667,9.72509
37.283333,9.72503
37.3,9.72535
37.316667,9.72532
37.333333,9.72508
37.35,9.72444
37.366667,9.72388
37.383333,9.72357
37.4,9.72328
37.416667,9.72303
37.433333,9.72262
37.45,9.72204
37.466667,9.72144
37.483333,9.72123
37.5,9.7217
37.516667,9.72262
37.533333,9.72349
37.55,9.72414
37.566667,9.72467
37.583333,9.72485
37.6,9.72501
37.616667,9.72541
37.633333,9.72655
37.65,9.72757
37.666667,9.72731
37.683333,9.72735
37.7,9.72734
37.716667,9.72775
37.733333,9.7286
37.75,9.729
37.766667,9.72943
37.783333,9.72989
37.8,9.73031
37.816667,9.7303
37.833333,9.72959
37.85,9.72865
37.866667,9.72767
37.883333,9.72673
37.9,9.72629
37.916667,9.72663
37.933333,9.72739
37.95,9.72796
37.966667,9.72828
37.983333,9.72857
38,9.72866
38.016667,9.72823
38.033333,9.72779
38.05,9.72802
38.066667,9.72818
38.083333,9.72754
38.1,9.72687
38.116667,9.72719
38.133333,9.72732
38.15,9.72779
38.166667,9.7283
38.183333,9.72852
38.2,9.72889
38.216667,9.72928
38.233333,9.72923
38.25,9.72887
38.266667,9.7283
38.283333,9.72778
38.3,9.72751
38.316667,9.72737
38.333333,9.7274
38.35,9.72772
38.366667,9.72814
38.383333,9.72847
38.4,9.72834
38.416667,9.72828
38.433333,9.72793
38.45,9.72844
38.466667,9.72874
38.483333,9.72899
38.5,9.72917
38.516667,9.72898
38.533333,9.72759
38.55,9.72623
38.566667,9.72184
38.583333,9.71421
38.6,9.71083
38.616667,9.70818
38.633333,9.7047
38.65,9.70265
38.666667,9.7011
38.683333,9.69873
38.7,9.69807
38.716667,9.69927
38.733333,9.70052
38.75,9.70107
38.766667,9.70216
38.783333,9.70358
38.8,9.70517
38.816667,9.70672
38.833333,9.7075
38.85,9.70937
38.866667,9.71142
38.883333,9.71334
38.9,9.71533
38.916667,9.71732
38.933333,9.71904
38.95,9.72037
38.966667,9.72157
38.983333,9.72269
39,9.72381
39.016667,9.72462
39.033333,9.72506
39.05,9.72529
39.066667,9.72547
39.083333,9.7258
39.1,9.72634
39.116667,9.72675
39.133333,9.72713
39.15,9.72729
39.166667,9.72729
39.183333,9.72731
39.2,9.72729
39.216667,9.7274
39.233333,9.72757
39.25,9.72797
39.266667,9.72803
39.283333,9.72791
39.3,9.72773
39.316667,9.72792
39.333333,9.72828
39.35,9.72852
39.366667,9.72885
39.383333,9.72934
39.4,9.72964
39.416667,9.72937
39.433333,9.72912
39.45,9.72886
39.466667,9.72859
39.483333,9.72816
39.5,9.72771
39.516667,9.72716
39.533333,9.7269
39.55,9.7266
39.566667,9.72618
39.583333,9.72573
39.6,9.72561
39.616667,9.72609
39.633333,9.72687
39.65,9.72721
39.666667,9.72721
39.683333,9.72742
39.7,9.7278
39.716667,9.72798
39.733333,9.728
39.75,9.72815
39.766667,9.72852
39.783333,9.72892
39.8,9.72945
39.816667,9.72991
39.833333,9.73041
39.85,9.73105
39.866667,9.73149
39.883333,9.73176
39.9,9.73192
39.916667,9.73203
39.933333,9.73204
39.95,9.73185
39.966667,9.73162
39.983333,9.73116
40,9.73018
40.016667,9.7289
40.033333,9.72775
40.05,9.72722
40.066667,9.7273
40.083333,9.72755
40.1,9.72699
40.116667,9.72615
40.133333,9.72515
40.15,9.72465
40.166667,9.72423
40.183333,9.72347
40.2,9.72293
40.216667,9.722
40.233333,9.72292
40.25,9.72534
40.266667,9.72703
40.283333,9.72943
40.3,9.73002
40.316667,9.73049
40.333333,9.72998
40.35,9.72929
40.366667,9.72897
40.383333,9.72955
40.4,9.72983
40.416667,9.72987
40.433333,9.73018
40.45,9.7312
40.466667,9.73183
40.483333,9.73143
40.5,9.73071
40.516667,9.73049
40.533333,9.73041
40.55,9.73042
40.566667,9.73041
40.583333,9.73035
40.6,9.73073
40.616667,9.73157
40.633333,9.73242
40.65,9.73337
40.666667,9.7338
40.683333,9.73394
40.7,9.73378
40.716667,9.73337
40.733333,9.73292
40.75,9.7322
40.766667,9.73152
40.783333,9.73106
40.8,9.73096
40.816667,9.73139
40.833333,9.73198
40.85,9.73229
40.866667,9.73247
40.883333,9.73254
40.9,9.73268
40.916667,9.73171
40.933333,9.73067
40.95,9.73046
40.966667,9.73091
40.983333,9.73211
41,9.73354
41.016667,9.73386
41.033333,9.73128
41.05,9.72555
41.066667,9.71821
41.083333,9.71165
41.1,9.71057
41.116667,9.70961
41.133333,9.70684
41.15,9.70565
41.166667,9.70342
41.183333,9.70129
41.2,9.70034
41.216667,9.70086
41.233333,9.70316
41.25,9.70539
41.266667,9.70644
41.283333,9.706
41.3,9.70654
41.316667,9.70916
41.333333,9.71099
41.35,9.71188
41.366667,9.71223
41.383333,9.71327
41.4,9.71446
41.416667,9.71551
41.433333,9.71663
41.45,9.71817
41.466667,9.71985
41.483333,9.7212
41.5,9.72188
41.516667,9.72205
41.533333,9.72217
41.55,9.7225
41.566667,9.7229
41.583333,9.72325
41.6,9.72369
41.616667,9.72424
41.633333,9.72496
41.65,9.72577
41.666667,9.7264
41.683333,9.72683
41.7,9.72702
41.716667,9.7275
41.733333,9.72807
41.75,9.72854
41.766667,9.729
41.783333,9.7291
41.8,9.72862
41.816667,9.72787
41.833333,9.72728
41.85,9.72699
41.866667,9.72705
41.883333,9.72719
41.9,9.72732
41.916667,9.72723
41.933333,9.72688
41.95,9.7267
41.966667,9.72694
41.983333,9.72718
42,9.72695
42.016667,9.72578
42.033333,9.72605
42.05,9.72674
42.066667,9.72671
42.083333,9.72655
42.1,9.72616
42.116667,9.72579
42.133333,9.72586
42.15,9.72627
42.166667,9.72691
42.183333,9.72742
42.2,9.72752
42.216667,9.72741
42.233333,9.7274
42.25,9.72773
42.266667,9.72805
42.283333,9.72825
42.3,9.72838
42.316667,9.72872
42.333333,9.72918
42.35,9.72955
42.366667,9.72972
42.383333,9.72991
42.4,9.73022
42.416667,9.73083
42.433333,9.73162
42.45,9.73243
42.466667,9.73314
42.483333,9.73408
42.5,9.73453
42.516667,9.7347
42.533333,9.7347
42.55,9.73462
42.566667,9.73453
42.583333,9.73378
42.6,9.73336
42.616667,9.73297
42.633333,9.73253
42.65,9.732
42.666667,9.73169
42.683333,9.73144
42.7,9.73177
42.716667,9.73227
42.733333,9.73207
42.75,9.7316
42.766667,9.73106
42.783333,9.73063
42.8,9.73037
42.816667,9.73051
42.833333,9.7305
42.85,9.73052
42.866667,9.73058
42.883333,9.73063
42.9,9.73151
42.916667,9.73248
42.933333,9.73308
42.95,9.73321
42.966667,9.73353
42.983333,9.73411
43,9.73456
43.016667,9.73471
43.033333,9.73478
43.05,9.73567
43.066667,9.7367
43.083333,9.73728
43.1,9.73758
43.116667,9.73763
43.133333,9.73743
43.15,9.73766
43.166667,9.73805
43.183333,9.73814
43.2,9.73847
43.216667,9.738
43.233333,9.73612
43.25,9.73558
43.266667,9.7361
43.283333,9.73526
43.3,9.73359
43.316667,9.73298
43.333333,9.73272
43.35,9.73012
43.366667,9.72495
43.383333,9.71458
43.4,9.70711
43.416667,9.7041
43.433333,9.7072
43.45,9.7225
43.466667,9.73362
43.483333,9.73665
43.5,9.73638
43.516667,9.73603
43.533333,9.73066
43.55,9.72749
43.566667,9.72225
43.583333,9.71549
43.6,9.71178
43.616667,9.70988
43.633333,9.70784
43.65,9.70639
43.666667,9.70622
43.683333,9.70675
43.7,9.70733
43.716667,9.70693
43.733333,9.70614
43.75,9.70633
43.766667,9.70704
43.783333,9.70921
43.8,9.7112
43.816667,9.71281
43.833333,9.71406
43.85,9.71534
43.866667,9.7174
43.883333,9.72009
43.9,9.72251
43.916667,9.72473
43.933333,9.72656
43.95,9.72725
43.966667,9.72722
43.983333,9.72743
44,9.72774
44.016667,9.72793
44.033333,9.72835
44.05,9.72897
44.066667,9.72947
44.083333,9.73005
44.1,9.73032
44.116667,9.7303
44.133333,9.7305
44.15,9.73103
44.166667,9.73167
44.183333,9.73189
44.2,9.73182
44.216667,9.73229
44.233333,9.73271
44.25,9.73322
44.266667,9.73347
44.283333,9.7331
44.3,9.73334
44.316667,9.7335
44.333333,9.7335
44.35,9.7335
44.366667,9.73379
44.383333,9.73452
44.4,9.73477
44.416667,9.73398
44.433333,9.73385
44.45,9.73429
44.466667,9.73378
44.483333,9.7325
44.5,9.73157
44.516667,9.7311
44.533333,9.73086
44.55,9.73063
44.566667,9.73077
44.583333,9.73128
44.6,9.73113
44.616667,9.73129
44.633333,9.73181
44.65,9.73066
44.666667,9.72983
44.683333,9.72976
44.7,9.72965
44.716667,9.72897
44.733333,9.72794
44.75,9.72808
44.766667,9.72914
44.783333,9.72873
44.8,9.72834
44.816667,9.72772
44.833333,9.72752
44.85,9.72756
44.866667,9.72822
44.883333,9.72878
44.9,9.7294
44.916667,9.7296
44.933333,9.72955
44.95,9.73024
44.966667,9.73016
44.983333,9.73069
45,9.73126
45.016667,9.73165
45.033333,9.73255
45.05,9.73334
45.066667,9.73485
45.083333,9.73614
45.1,9.73678
45.116667,9.73669
45.133333,9.73667
45.15,9.73722
45.166667,9.73724
45.183333,9.73718
45.2,9.73702
45.216667,9.73644
45.233333,9.73521
45.25,9.73377
45.266667,9.73303
45.283333,9.73191
45.3,9.73205
45.316667,9.73138
45.333333,9.73054
45.35,9.7299
45.366667,9.72777
45.383333,9.72554
45.4,9.72543
45.416667,9.72649
45.433333,9.72788
45.45,9.72757
45.466667,9.72687
45.483333,9.72529
45.5,9.72595
45.516667,9.72901
45.533333,9.73048
45.55,9.73031
45.566667,9.72645
45.583333,9.71538
45.6,9.70808
45.616667,9.70718
45.633333,9.72683
45.65,9.73929
45.666667,9.74387
45.683333,9.73834
45.7,9.7358
45.716667,9.73528
45.733333,9.73572
45.75,9.73658
45.766667,9.73646
45.783333,9.73466
45.8,9.7333
45.816667,9.7324
45.833333,9.73078
45.85,9.7313
45.866667,9.73139
45.883333,9.73121
45.9,9.73241
45.916667,9.73326
45.933333,9.7326
45.95,9.73116
45.966667,9.73031
45.983333,9.73256
46,9.73607
46.016667,9.73972
46.033333,9.73727
46.05,9.73181
46.066667,9.73275
46.083333,9.7282
46.1,9.72233
46.116667,9.71788
46.133333,9.71422
46.15,9.71212
46.166667,9.71168
46.183333,9.71171
46.2,9.71255
46.216667,9.71251
46.233333,9.7117
46.25,9.71031
46.266667,9.7118
46.283333,9.713
46.3,9.71385
46.316667,9.71495
46.333333,9.71647
46.35,9.71865
46.366667,9.71932
46.383333,9.71866
46.4,9.71959
46.416667,9.72129
46.433333,9.72288
46.45,9.72436
46.466667,9.7257
46.483333,9.72595
46.5,9.72558
46.516667,9.72745
46.533333,9.72833
46.55,9.7281
46.566667,9.72828
46.583333,9.72972
46.6,9.72972
46.616667,9.7295
46.633333,9.72933
46.65,9.72981
46.666667,9.73116
46.683333,9.73253
46.7,9.7341
46.716667,9.73581
46.733333,9.7373
46.75,9.73814
46.766667,9.73816
46.783333,9.7375
46.8,9.73746
46.816667,9.73667
46.833333,9.73624
46.85,9.73677
46.866667,9.73791
46.883333,9.73934
46.9,9.7406
46.916667,9.7401
46.933333,9.73864
46.95,9.7379
46.966667,9.73782
46.983333,9.73742
47,9.73683
47.016667,9.73601
47.033333,9.73514
47.05,9.73435
47.066667,9.73338
47.083333,9.73272
47.1,9.73295
47.116667,9.73364
47.133333,9.73403
47.15,9.73409
47.166667,9.7341
47.183333,9.7341
47.2,9.73417
47.216667,9.73393
47.233333,9.73363
47.25,9.73399
47.266667,9.73429
47.283333,9.73473
47.3,9.73498
47.316667,9.73481
47.333333,9.73484
47.35,9.73509
47.366667,9.73544
47.383333,9.73552
47.4,9.73514
47.416667,9.73412
47.433333,9.73261
47.45,9.73152
47.466667,9.73087
47.483333,9.73063
47.5,9.73099
47.516667,9.73089
47.533333,9.7299
47.55,9.7285
47.566667,9.72968
47.583333,9.73179
47.6,9.73211
47.616667,9.73202
47.633333,9.73221
47.65,9.73479
47.666667,9.73448
47.683333,9.7354
47.7,9.73783
47.716667,9.74025
47.733333,9.74072
47.75,9.73898
47.766667,9.73929
47.783333,9.73788
47.8,9.73636
47.816667,9.7375
47.833333,9.73691
47.85,9.73143
47.866667,9.72283
47.883333,9.7246
47.9,9.72426
47.916667,9.72821
47.933333,9.73039
47.95,9.72764
47.966667,9.72971
47.983333,9.73006
48,9.72613
48.016667,9.72848
48.033333,9.73807
48.05,9.74071
48.066667,9.74234
48.083333,9.74163
48.1,9.73947
48.116667,9.73717
48.133333,9.73487
48.15,9.73482
48.166667,9.73517
48.183333,9.73549
48.2,9.73512
48.216667,9.73421
48.233333,9.73299
48.25,9.73124
48.266667,9.72974
48.283333,9.72983
48.3,9.73029
48.316667,9.73089
48.333333,9.73153
48.35,9.73196
48.366667,9.73264
48.383333,9.73386
48.4,9.7354
48.416667,9.73692
48.433333,9.73803
48.45,9.73865
48.466667,9.73871
48.483333,9.73861
48.5,9.73825
48.516667,9.73865
48.533333,9.73893
