Calpeptin_400uM_in_Q256A_24uM_28C_2_X,Calpeptin_400uM_in_Q256A_24uM_28C_2_Y
0.083333,9.81269
0.1,9.81432
0.116667,9.81485
0.133333,9.81534
0.15,9.81554
0.166667,9.81603
0.183333,9.81651
0.2,9.81712
0.216667,9.81931
0.233333,9.82093
0.25,9.82192
0.266667,9.82269
0.283333,9.82334
0.3,9.82384
0.316667,9.82426
0.333333,9.8247
0.35,9.82509
0.366667,9.82516
0.383333,9.82481
0.4,9.82397
0.416667,9.823
0.433333,9.82181
0.45,9.82046
0.466667,9.81912
0.483333,9.8175
0.5,9.81587
0.516667,9.81464
0.533333,9.81373
0.55,9.8127
0.566667,9.81123
0.583333,9.80952
0.6,9.80821
0.616667,9.80689
0.633333,9.80595
0.65,9.80532
0.666667,9.80499
0.683333,9.80496
0.7,9.80505
0.716667,9.80468
0.733333,9.80419
0.75,9.80398
0.766667,9.80424
0.783333,9.80474
0.8,9.80548
0.816667,9.80652
0.833333,9.80763
0.85,9.80827
0.866667,9.80818
0.883333,9.80917
0.9,9.81079
0.916667,9.81185
0.933333,9.81226
0.95,9.81346
0.966667,9.81644
0.983333,9.82152
1,9.82677
1.016667,9.82859
1.033333,9.82311
1.05,9.81597
1.066667,9.81067
1.083333,9.80735
1.1,9.80533
1.116667,9.80426
1.133333,9.8047
1.15,9.80589
1.166667,9.80648
1.183333,9.80606
1.2,9.80559
1.216667,9.80576
1.233333,9.80617
1.25,9.80684
1.266667,9.80721
1.283333,9.8072
1.3,9.80718
1.316667,9.80728
1.333333,9.80743
1.35,9.80786
1.366667,9.80805
1.383333,9.80884
1.4,9.8088
1.416667,9.80795
1.433333,9.80826
1.45,9.80987
1.466667,9.81182
1.483333,9.81204
1.5,9.81112
1.516667,9.80992
1.533333,9.80848
1.55,9.80637
1.566667,9.80589
1.583333,9.80739
1.6,9.80899
1.616667,9.81048
1.633333,9.80916
1.65,9.80462
1.666667,9.80259
1.683333,9.80407
1.7,9.80614
1.716667,9.80564
1.733333,9.80436
1.75,9.80263
1.766667,9.80285
1.783333,9.8035
1.8,9.80369
1.816667,9.8062
1.833333,9.80756
1.85,9.80735
1.866667,9.80721
1.883333,9.80772
1.9,9.80837
1.916667,9.80782
1.933333,9.80684
1.95,9.80549
1.966667,9.80418
1.983333,9.80397
2,9.80388
2.016667,9.80273
2.033333,9.80202
2.05,9.80137
2.066667,9.80047
2.083333,9.79935
2.1,9.79815
2.116667,9.79682
2.133333,9.79566
2.15,9.7946
2.166667,9.7941
2.183333,9.79386
2.2,9.79383
2.216667,9.79389
2.233333,9.79381
2.25,9.79388
2.266667,9.79414
2.283333,9.7946
2.3,9.79498
2.316667,9.79532
2.333333,9.79585
2.35,9.79631
2.366667,9.79673
2.383333,9.79707
2.4,9.79741
2.416667,9.79774
2.433333,9.79781
2.45,9.79821
2.466667,9.79866
2.483333,9.79919
2.5,9.7997
2.516667,9.80017
2.533333,9.80077
2.55,9.80131
2.566667,9.80177
2.583333,9.80227
2.6,9.80286
2.616667,9.80361
2.633333,9.8045
2.65,9.80542
2.666667,9.80662
2.683333,9.80863
2.7,9.81025
2.716667,9.81063
2.733333,9.81102
2.75,9.8118
2.766667,9.813
2.783333,9.81406
2.8,9.81524
2.816667,9.81663
2.833333,9.81823
2.85,9.81958
2.866667,9.82035
2.883333,9.82114
2.9,9.82155
2.916667,9.82098
2.933333,9.8199
2.95,9.81848
2.966667,9.81688
2.983333,9.816
3,9.81505
3.016667,9.8133
3.033333,9.81174
3.05,9.81144
3.066667,9.811
3.083333,9.81009
3.1,9.80882
3.116667,9.80727
3.133333,9.80568
3.15,9.80394
3.166667,9.8023
3.183333,9.8008
3.2,9.79956
3.216667,9.7986
3.233333,9.79812
3.25,9.79853
3.266667,9.79942
3.283333,9.80049
3.3,9.80136
3.316667,9.80206
3.333333,9.80208
3.35,9.80197
3.366667,9.80276
3.383333,9.80396
3.4,9.80547
3.416667,9.80723
3.433333,9.81081
3.45,9.81554
3.466667,9.81747
3.483333,9.81494
3.5,9.81077
3.516667,9.80806
3.533333,9.80369
3.55,9.79101
3.566667,9.76177
3.583333,9.72418
3.6,9.68487
3.616667,9.66048
3.633333,9.64875
3.65,9.64361
3.666667,9.64232
3.683333,9.64409
3.7,9.64794
3.716667,9.65377
3.733333,9.66156
3.75,9.6696
3.766667,9.67729
3.783333,9.68524
3.8,9.69163
3.816667,9.69674
3.833333,9.70048
3.85,9.70304
3.866667,9.7057
3.883333,9.70923
3.9,9.71283
3.916667,9.71533
3.933333,9.7174
3.95,9.71943
3.966667,9.72119
3.983333,9.72263
4,9.72366
4.016667,9.72521
4.033333,9.7269
4.05,9.7287
4.066667,9.7306
4.083333,9.73258
4.1,9.73484
4.116667,9.73727
4.133333,9.74011
4.15,9.74308
4.166667,9.74591
4.183333,9.74853
4.2,9.75049
4.216667,9.75193
4.233333,9.75307
4.25,9.75446
4.266667,9.75503
4.283333,9.7565
4.3,9.75824
4.316667,9.75994
4.333333,9.76183
4.35,9.76355
4.366667,9.76509
4.383333,9.76668
4.4,9.76771
4.416667,9.76819
4.433333,9.76863
4.45,9.76922
4.466667,9.76928
4.483333,9.76902
4.5,9.76883
4.516667,9.76925
4.533333,9.77014
4.55,9.77149
4.566667,9.77289
4.583333,9.77346
4.6,9.77324
4.616667,9.77268
4.633333,9.77212
4.65,9.77155
4.666667,9.77101
4.683333,9.77071
4.7,9.76994
4.716667,9.7696
4.733333,9.76917
4.75,9.76879
4.766667,9.76937
4.783333,9.76998
4.8,9.77152
4.816667,9.77322
4.833333,9.77456
4.85,9.77521
4.866667,9.77593
4.883333,9.77599
4.9,9.77702
4.916667,9.77904
4.933333,9.78028
4.95,9.78041
4.966667,9.78032
4.983333,9.78055
5,9.7806
5.016667,9.78076
5.033333,9.78062
5.05,9.78019
5.066667,9.77963
5.083333,9.77872
5.1,9.77729
5.116667,9.77556
5.133333,9.77365
5.15,9.77168
5.166667,9.76986
5.183333,9.76804
5.2,9.76611
5.216667,9.76476
5.233333,9.76389
5.25,9.76307
5.266667,9.7621
5.283333,9.76163
5.3,9.7615
5.316667,9.76176
5.333333,9.76212
5.35,9.76254
5.366667,9.76351
5.383333,9.76488
5.4,9.76645
5.416667,9.76835
5.433333,9.77091
5.45,9.77313
5.466667,9.77505
5.483333,9.77696
5.5,9.77869
5.516667,9.78062
5.533333,9.78252
5.55,9.78466
5.566667,9.78655
5.583333,9.7879
5.6,9.78911
5.616667,9.79019
5.633333,9.79114
5.65,9.79203
5.666667,9.79303
5.683333,9.79402
5.7,9.79479
5.716667,9.79518
5.733333,9.7952
5.75,9.79471
5.766667,9.79378
5.783333,9.79291
5.8,9.79232
5.816667,9.79162
5.833333,9.79078
5.85,9.79014
5.866667,9.78927
5.883333,9.78803
5.9,9.78709
5.916667,9.78654
5.933333,9.78571
5.95,9.78471
5.966667,9.78392
5.983333,9.78455
6,9.78577
6.016667,9.79169
6.033333,9.78311
6.05,9.75206
6.066667,9.71593
6.083333,9.67601
6.1,9.64145
6.116667,9.62516
6.133333,9.62168
6.15,9.62499
6.166667,9.62842
6.183333,9.63254
6.2,9.63681
6.216667,9.63999
6.233333,9.64355
6.25,9.64814
6.266667,9.6526
6.283333,9.6583
6.3,9.66482
6.316667,9.67137
6.333333,9.6776
6.35,9.68379
6.366667,9.68926
6.383333,9.69406
6.4,9.69876
6.416667,9.70339
6.433333,9.70797
6.45,9.71323
6.466667,9.71878
6.483333,9.72413
6.5,9.72928
6.516667,9.73419
6.533333,9.73878
6.55,9.74289
6.566667,9.74641
6.583333,9.74972
6.6,9.75281
6.616667,9.75432
6.633333,9.75567
6.65,9.75697
6.666667,9.7586
6.683333,9.76021
6.7,9.76208
6.716667,9.76302
6.733333,9.7638
6.75,9.76424
6.766667,9.76408
6.783333,9.76342
6.8,9.76254
6.816667,9.76166
6.833333,9.76066
6.85,9.75962
6.866667,9.75918
6.883333,9.75955
6.9,9.76014
6.916667,9.7606
6.933333,9.76106
6.95,9.76134
6.966667,9.76151
6.983333,9.76182
7,9.76198
7.016667,9.76258
7.033333,9.76342
7.05,9.76369
7.066667,9.76422
7.083333,9.76486
7.1,9.76533
7.116667,9.76575
7.133333,9.7661
7.15,9.76634
7.166667,9.76638
7.183333,9.76633
7.2,9.76606
7.216667,9.76515
7.233333,9.7643
7.25,9.76378
7.266667,9.76333
7.283333,9.76295
7.3,9.76259
7.316667,9.76245
7.333333,9.76303
7.35,9.76416
7.366667,9.76561
7.383333,9.76716
7.4,9.76861
7.416667,9.77016
7.433333,9.77153
7.45,9.77322
7.466667,9.77521
7.483333,9.77746
7.5,9.77834
7.516667,9.77773
7.533333,9.77684
7.55,9.77722
7.566667,9.7783
7.583333,9.77923
7.6,9.78024
7.616667,9.78083
7.633333,9.78109
7.65,9.78083
7.666667,9.7801
7.683333,9.77938
7.7,9.77852
7.716667,9.77781
7.733333,9.77709
7.75,9.7762
7.766667,9.77531
7.783333,9.77478
7.8,9.77456
7.816667,9.77451
7.833333,9.77455
7.85,9.77462
7.866667,9.77446
7.883333,9.77403
7.9,9.77348
7.916667,9.77315
7.933333,9.77327
7.95,9.77322
7.966667,9.77273
7.983333,9.77211
8,9.77116
8.016667,9.77007
8.033333,9.76894
8.05,9.76784
8.066667,9.76698
8.083333,9.76658
8.1,9.76581
8.116667,9.76504
8.133333,9.76564
8.15,9.76942
8.166667,9.77279
8.183333,9.77355
8.2,9.77239
8.216667,9.77344
8.233333,9.77624
8.25,9.77747
8.266667,9.77588
8.283333,9.7744
8.3,9.77441
8.316667,9.77634
8.333333,9.77914
8.35,9.78054
8.366667,9.78017
8.383333,9.78002
8.4,9.77788
8.416667,9.77569
8.433333,9.77367
8.45,9.77466
8.466667,9.77871
8.483333,9.78218
8.5,9.78176
8.516667,9.78243
8.533333,9.7795
8.55,9.77142
8.566667,9.75293
8.583333,9.71615
8.6,9.67616
8.616667,9.65491
8.633333,9.64218
8.65,9.63492
8.666667,9.63372
8.683333,9.63539
8.7,9.63727
8.716667,9.64085
8.733333,9.64602
8.75,9.65291
8.766667,9.66011
8.783333,9.66756
8.8,9.67477
8.816667,9.68154
8.833333,9.68691
8.85,9.69263
8.866667,9.69917
8.883333,9.70573
8.9,9.71225
8.916667,9.71873
8.933333,9.72548
8.95,9.73152
8.966667,9.73664
8.983333,9.74168
9,9.74582
9.016667,9.74831
9.033333,9.75
9.05,9.751
9.066667,9.75183
9.083333,9.75312
9.1,9.75452
9.116667,9.75588
9.133333,9.75706
9.15,9.75755
9.166667,9.75752
9.183333,9.75739
9.2,9.75715
9.216667,9.75673
9.233333,9.75599
9.25,9.75493
9.266667,9.75393
9.283333,9.75285
9.3,9.75189
9.316667,9.75191
9.333333,9.75287
9.35,9.75418
9.366667,9.75575
9.383333,9.7576
9.4,9.75951
9.416667,9.76116
9.433333,9.76303
9.45,9.76537
9.466667,9.76767
9.483333,9.77006
9.5,9.77182
9.516667,9.77134
9.533333,9.77026
9.55,9.76898
9.566667,9.76794
9.583333,9.76842
9.6,9.77014
9.616667,9.77006
9.633333,9.76828
9.65,9.76795
9.666667,9.76746
9.683333,9.76635
9.7,9.76494
9.716667,9.7635
9.733333,9.76235
9.75,9.76149
9.766667,9.76075
9.783333,9.75984
9.8,9.75958
9.816667,9.75998
9.833333,9.76052
9.85,9.76086
9.866667,9.76135
9.883333,9.76216
9.9,9.76326
9.916667,9.76447
9.933333,9.7656
9.95,9.76678
9.966667,9.7678
9.983333,9.76825
10,9.76854
10.016667,9.76912
10.033333,9.76998
10.05,9.77073
10.066667,9.77137
10.083333,9.77175
10.1,9.77233
10.116667,9.77331
10.133333,9.77453
10.15,9.77566
10.166667,9.77666
10.183333,9.77768
10.2,9.77846
10.216667,9.77893
10.233333,9.77902
10.25,9.77889
10.266667,9.7789
10.283333,9.77896
10.3,9.77897
10.316667,9.77888
10.333333,9.77864
10.35,9.77838
10.366667,9.7782
10.383333,9.7783
10.4,9.7783
10.416667,9.77833
10.433333,9.77856
10.45,9.77915
10.466667,9.77985
10.483333,9.78004
10.5,9.77986
10.516667,9.77969
10.533333,9.7799
10.55,9.78027
10.566667,9.78084
10.583333,9.78161
10.6,9.78281
10.616667,9.78299
10.633333,9.78284
10.65,9.78333
10.666667,9.78343
10.683333,9.7839
10.7,9.78461
10.716667,9.7853
10.733333,9.78579
10.75,9.78608
10.766667,9.78603
10.783333,9.78543
10.8,9.78486
10.816667,9.78503
10.833333,9.78578
10.85,9.78649
10.866667,9.78654
10.883333,9.78674
10.9,9.78752
10.916667,9.78847
10.933333,9.78949
10.95,9.79014
10.966667,9.79123
10.983333,9.79481
11,9.79776
11.016667,9.79609
11.033333,9.79345
11.05,9.78424
11.066667,9.7699
11.083333,9.74768
11.1,9.72751
11.116667,9.70832
11.133333,9.69517
11.15,9.68257
11.166667,9.673
11.183333,9.66674
11.2,9.66033
11.216667,9.65609
11.233333,9.65539
11.25,9.65912
11.266667,9.66524
11.283333,9.67248
11.3,9.68121
11.316667,9.68894
11.333333,9.69592
11.35,9.70408
11.366667,9.71231
11.383333,9.71766
11.4,9.72274
11.416667,9.7273
11.433333,9.73131
11.45,9.73533
11.466667,9.73859
11.483333,9.74106
11.5,9.74313
11.516667,9.74562
11.533333,9.74782
11.55,9.74961
11.566667,9.75097
11.583333,9.75253
11.6,9.75367
11.616667,9.7549
11.633333,9.75603
11.65,9.75696
11.666667,9.75744
11.683333,9.75768
11.7,9.75776
11.716667,9.75765
11.733333,9.75745
11.75,9.75734
11.766667,9.75758
11.783333,9.75818
11.8,9.75878
11.816667,9.75939
11.833333,9.75987
11.85,9.76023
11.866667,9.76068
11.883333,9.7611
11.9,9.76143
11.916667,9.76173
11.933333,9.76221
11.95,9.76316
11.966667,9.76458
11.983333,9.76629
12,9.76818
12.016667,9.77026
12.033333,9.77245
12.05,9.7747
12.066667,9.77692
12.083333,9.77919
12.1,9.78188
12.116667,9.7843
12.133333,9.78511
12.15,9.78459
12.166667,9.78452
12.183333,9.78497
12.2,9.78513
12.216667,9.78486
12.233333,9.78502
12.25,9.78622
12.266667,9.78589
12.283333,9.78529
12.3,9.78445
12.316667,9.78328
12.333333,9.78205
12.35,9.78058
12.366667,9.77885
12.383333,9.77715
12.4,9.77513
12.416667,9.77413
12.433333,9.77304
12.45,9.77252
12.466667,9.7723
12.483333,9.77228
12.5,9.77246
12.516667,9.77283
12.533333,9.77396
12.55,9.77563
12.566667,9.77715
12.583333,9.77812
12.6,9.77881
12.616667,9.77964
12.633333,9.78056
12.65,9.78131
12.666667,9.782
12.683333,9.7832
12.7,9.78383
12.716667,9.78379
12.733333,9.78404
12.75,9.78445
12.766667,9.7849
12.783333,9.78517
12.8,9.78508
12.816667,9.78506
12.833333,9.78513
12.85,9.78504
12.866667,9.78439
12.883333,9.78334
12.9,9.7822
12.916667,9.78092
12.933333,9.77943
12.95,9.77787
12.966667,9.77634
12.983333,9.77527
13,9.7745
13.016667,9.77386
13.033333,9.77349
13.05,9.77316
13.066667,9.77283
13.083333,9.77261
13.1,9.77261
13.116667,9.77324
13.133333,9.77424
13.15,9.77534
13.166667,9.7763
13.183333,9.77723
13.2,9.77793
13.216667,9.77857
13.233333,9.77919
13.25,9.78048
13.266667,9.78194
13.283333,9.78204
13.3,9.78254
13.316667,9.78298
13.333333,9.78325
13.35,9.7834
13.366667,9.78407
13.383333,9.78532
13.4,9.7855
13.416667,9.78421
13.433333,9.78199
13.45,9.78013
13.466667,9.77852
13.483333,9.77706
13.5,9.77662
13.516667,9.77546
13.533333,9.77486
13.55,9.76599
13.566667,9.75383
13.583333,9.74344
13.6,9.7359
13.616667,9.72967
13.633333,9.72319
13.65,9.71745
13.666667,9.71365
13.683333,9.71141
13.7,9.70689
13.716667,9.7059
13.733333,9.70477
13.75,9.70243
13.766667,9.70127
13.783333,9.70336
13.8,9.71049
13.816667,9.72267
13.833333,9.73068
13.85,9.73598
13.866667,9.7396
13.883333,9.74122
13.9,9.74169
13.916667,9.7421
13.933333,9.74289
13.95,9.74453
13.966667,9.74768
13.983333,9.75053
14,9.75266
14.016667,9.75402
14.033333,9.75513
14.05,9.75662
14.066667,9.75851
14.083333,9.76025
14.1,9.76143
14.116667,9.76243
14.133333,9.76435
14.15,9.76595
14.166667,9.76717
14.183333,9.76845
14.2,9.77064
14.216667,9.77241
14.233333,9.77183
14.25,9.77208
14.266667,9.77271
14.283333,9.77307
14.3,9.77289
14.316667,9.77222
14.333333,9.77123
14.35,9.77055
14.366667,9.77074
14.383333,9.77138
14.4,9.77176
14.416667,9.77202
14.433333,9.77218
14.45,9.77146
14.466667,9.77091
14.483333,9.7714
14.5,9.77251
14.516667,9.77406
14.533333,9.77691
14.55,9.77936
14.566667,9.78061
14.583333,9.7808
14.6,9.78016
14.616667,9.77951
14.633333,9.77999
14.65,9.78101
14.666667,9.7821
14.683333,9.78305
14.7,9.78331
14.716667,9.78275
14.733333,9.78194
14.75,9.78093
14.766667,9.77995
14.783333,9.77886
14.8,9.77757
14.816667,9.77617
14.833333,9.77501
14.85,9.77419
14.866667,9.77364
14.883333,9.77337
14.9,9.77367
14.916667,9.77425
14.933333,9.7747
14.95,9.77448
14.966667,9.77389
14.983333,9.77327
15,9.77298
15.016667,9.77277
15.033333,9.77258
15.05,9.77294
15.066667,9.77296
15.083333,9.77323
15.1,9.77416
15.116667,9.77673
15.133333,9.77812
15.15,9.7779
15.166667,9.77848
15.183333,9.7792
15.2,9.779
15.216667,9.77802
15.233333,9.77688
15.25,9.77656
15.266667,9.77808
15.283333,9.77866
15.3,9.77808
15.316667,9.77753
15.333333,9.77702
15.35,9.77685
15.366667,9.7768
15.383333,9.77644
15.4,9.77555
15.416667,9.77443
15.433333,9.77364
15.45,9.77375
15.466667,9.77461
15.483333,9.77549
15.5,9.77565
15.516667,9.77545
15.533333,9.7753
15.55,9.77546
15.566667,9.77604
15.583333,9.7766
15.6,9.77695
15.616667,9.77758
15.633333,9.77857
15.65,9.77917
15.666667,9.78015
15.683333,9.78087
15.7,9.77993
15.716667,9.78007
15.733333,9.78219
15.75,9.78359
15.766667,9.78435
15.783333,9.78379
15.8,9.78395
15.816667,9.78649
15.833333,9.78813
15.85,9.78869
15.866667,9.78901
15.883333,9.78925
15.9,9.78846
15.916667,9.78903
15.933333,9.79205
15.95,9.79285
15.966667,9.79002
15.983333,9.7874
16,9.78434
16.016667,9.77876
16.033333,9.77442
16.05,9.77462
16.066667,9.77062
16.083333,9.76351
16.1,9.75473
16.116667,9.74573
16.133333,9.73842
16.15,9.73175
16.166667,9.72457
16.183333,9.7212
16.2,9.71819
16.216667,9.71446
16.233333,9.71313
16.25,9.71381
16.266667,9.71567
16.283333,9.71608
16.3,9.71964
16.316667,9.72578
16.333333,9.73032
16.35,9.73347
16.366667,9.73593
16.383333,9.73722
16.4,9.73921
16.416667,9.74284
16.433333,9.7473
16.45,9.75141
16.466667,9.7548
16.483333,9.75752
16.5,9.7596
16.516667,9.76192
16.533333,9.76369
16.55,9.76562
16.566667,9.76814
16.583333,9.76985
16.6,9.76947
16.616667,9.76847
16.633333,9.76922
16.65,9.77108
16.666667,9.77349
16.683333,9.776
16.7,9.77722
16.716667,9.77856
16.733333,9.7802
16.75,9.78019
16.766667,9.7802
16.783333,9.77903
16.8,9.77779
16.816667,9.77722
16.833333,9.77597
16.85,9.77511
16.866667,9.7757
16.883333,9.77628
16.9,9.77771
16.916667,9.77885
16.933333,9.77998
16.95,9.7807
16.966667,9.78085
16.983333,9.7797
17,9.77792
17.016667,9.77752
17.033333,9.77829
17.05,9.77894
17.066667,9.77886
17.083333,9.77889
17.1,9.77852
17.116667,9.77802
17.133333,9.77806
17.15,9.77831
17.166667,9.77839
17.183333,9.77819
17.2,9.77773
17.216667,9.77691
17.233333,9.77573
17.25,9.77464
17.266667,9.77368
17.283333,9.77305
17.3,9.77254
17.316667,9.7721
17.333333,9.77153
17.35,9.77086
17.366667,9.76996
17.383333,9.76898
17.4,9.76906
17.416667,9.76934
17.433333,9.77019
17.45,9.77136
17.466667,9.77259
17.483333,9.77359
17.5,9.77455
17.516667,9.77566
17.533333,9.77682
17.55,9.77808
17.566667,9.77964
17.583333,9.78148
17.6,9.78327
17.616667,9.7849
17.633333,9.78613
17.65,9.78695
17.666667,9.78762
17.683333,9.78843
17.7,9.78981
17.716667,9.79105
17.733333,9.79186
17.75,9.79231
17.766667,9.79202
17.783333,9.79125
17.8,9.79038
17.816667,9.78979
17.833333,9.78932
17.85,9.78833
17.866667,9.78694
17.883333,9.78549
17.9,9.78399
17.916667,9.78229
17.933333,9.78127
17.95,9.78092
17.966667,9.78044
17.983333,9.77986
18,9.77913
18.016667,9.77817
18.033333,9.77692
18.05,9.77554
18.066667,9.7742
18.083333,9.77316
18.1,9.77322
18.116667,9.77438
18.133333,9.77592
18.15,9.77727
18.166667,9.77814
18.183333,9.77864
18.2,9.77954
18.216667,9.78023
18.233333,9.78037
18.25,9.78156
18.266667,9.78392
18.283333,9.78551
18.3,9.78587
18.316667,9.78553
18.333333,9.78476
18.35,9.78386
18.366667,9.78398
18.383333,9.7861
18.4,9.78716
18.416667,9.78515
18.433333,9.7829
18.45,9.7809
18.466667,9.77886
18.483333,9.77715
18.5,9.77585
18.516667,9.77516
18.533333,9.77478
18.55,9.77052
18.566667,9.76604
18.583333,9.75956
18.6,9.75206
18.616667,9.74576
18.633333,9.74109
18.65,9.73788
18.666667,9.73647
18.683333,9.73564
18.7,9.73427
18.716667,9.73316
18.733333,9.73319
18.75,9.73246
18.766667,9.73268
18.783333,9.73284
18.8,9.7343
18.816667,9.73755
18.833333,9.7406
18.85,9.7428
18.866667,9.74519
18.883333,9.74797
18.9,9.75082
18.916667,9.75353
18.933333,9.75597
18.95,9.75802
18.966667,9.75935
18.983333,9.76022
19,9.76127
19.016667,9.76239
19.033333,9.76363
19.05,9.76419
19.066667,9.76483
19.083333,9.76522
19.1,9.76563
19.116667,9.76552
19.133333,9.76541
19.15,9.76568
19.166667,9.76633
19.183333,9.76714
19.2,9.76779
19.216667,9.76792
19.233333,9.76786
19.25,9.76794
19.266667,9.76843
19.283333,9.76961
19.3,9.77162
19.316667,9.77403
19.333333,9.77588
19.35,9.77751
19.366667,9.77924
19.383333,9.78068
19.4,9.78215
19.416667,9.78442
19.433333,9.78682
19.45,9.78737
19.466667,9.78515
19.483333,9.78429
19.5,9.78524
19.516667,9.78651
19.533333,9.78815
19.55,9.78928
19.566667,9.78877
19.583333,9.79004
19.6,9.78961
19.616667,9.78765
19.633333,9.78779
19.65,9.78793
19.666667,9.78731
19.683333,9.78591
19.7,9.78419
19.716667,9.78263
19.733333,9.7815
19.75,9.78102
19.766667,9.78089
19.783333,9.78052
19.8,9.77985
19.816667,9.77885
19.833333,9.77803
19.85,9.77716
19.866667,9.77626
19.883333,9.77578
19.9,9.77593
19.916667,9.77638
19.933333,9.77689
19.95,9.77759
19.966667,9.77806
19.983333,9.7791
20,9.78
20.016667,9.78096
20.033333,9.78253
20.05,9.78459
20.066667,9.78414
20.083333,9.78345
20.1,9.78407
20.116667,9.78454
20.133333,9.78461
20.15,9.78465
20.166667,9.7846
20.183333,9.7848
20.2,9.78456
20.216667,9.78441
20.233333,9.78374
20.25,9.78275
20.266667,9.78157
20.283333,9.78028
20.3,9.77909
20.316667,9.77806
20.333333,9.77695
20.35,9.77598
20.366667,9.77535
20.383333,9.77522
20.4,9.77595
20.416667,9.77683
20.433333,9.77762
20.45,9.77866
20.466667,9.77988
20.483333,9.78106
20.5,9.78178
20.516667,9.78221
20.533333,9.78205
20.55,9.78231
20.566667,9.78245
20.583333,9.78189
20.6,9.78144
20.616667,9.78122
20.633333,9.78112
20.65,9.78119
20.666667,9.78183
20.683333,9.78185
20.7,9.78226
20.716667,9.78266
20.733333,9.78247
20.75,9.7817
20.766667,9.78089
20.783333,9.78027
20.8,9.77951
20.816667,9.7787
20.833333,9.77853
20.85,9.77897
20.866667,9.77934
20.883333,9.77962
20.9,9.78005
20.916667,9.78097
20.933333,9.78192
20.95,9.78271
20.966667,9.78342
20.983333,9.78567
21,9.78931
21.016667,9.79298
21.033333,9.79161
21.05,9.78762
21.066667,9.77922
21.083333,9.7722
21.1,9.77035
21.116667,9.76659
21.133333,9.76117
21.15,9.75684
21.166667,9.75156
21.183333,9.74735
21.2,9.74574
21.216667,9.74556
21.233333,9.74619
21.25,9.7472
21.266667,9.7482
21.283333,9.74838
21.3,9.74904
21.316667,9.74976
21.333333,9.75019
21.35,9.75092
21.366667,9.75247
21.383333,9.75499
21.4,9.75789
21.416667,9.76069
21.433333,9.76335
21.45,9.76547
21.466667,9.76764
21.483333,9.76959
21.5,9.77123
21.516667,9.77258
21.533333,9.77378
21.55,9.7747
21.566667,9.77549
21.583333,9.77643
21.6,9.7775
21.616667,9.77855
21.633333,9.77916
21.65,9.77923
21.666667,9.77905
21.683333,9.77838
21.7,9.77759
21.716667,9.77684
21.733333,9.77618
21.75,9.77544
21.766667,9.77496
21.783333,9.77517
21.8,9.77528
21.816667,9.77493
21.833333,9.77433
21.85,9.77383
21.866667,9.77344
21.883333,9.77327
21.9,9.77348
21.916667,9.77391
21.933333,9.77461
21.95,9.77507
21.966667,9.77511
21.983333,9.77485
22,9.77436
22.016667,9.77475
22.033333,9.77556
22.05,9.77657
22.066667,9.77746
22.083333,9.77862
22.1,9.77879
22.116667,9.77886
22.133333,9.77904
22.15,9.77941
22.166667,9.78023
22.183333,9.7811
22.2,9.77996
22.216667,9.77809
22.233333,9.77565
22.25,9.77429
22.266667,9.77413
22.283333,9.77466
22.3,9.77584
22.316667,9.77734
22.333333,9.77797
22.35,9.77666
22.366667,9.77412
22.383333,9.77185
22.4,9.77099
22.416667,9.77221
22.433333,9.77462
22.45,9.77678
22.466667,9.77837
22.483333,9.77887
22.5,9.77899
22.516667,9.77835
22.533333,9.77853
22.55,9.77951
22.566667,9.78057
22.583333,9.78113
22.6,9.78083
22.616667,9.78
22.633333,9.77894
22.65,9.7781
22.666667,9.77739
22.683333,9.77676
22.7,9.77631
22.716667,9.77604
22.733333,9.7761
22.75,9.77699
22.766667,9.77849
22.783333,9.77995
22.8,9.78124
22.816667,9.78266
22.833333,9.78405
22.85,9.78541
22.866667,9.78711
22.883333,9.78934
22.9,9.79189
22.916667,9.79239
22.933333,9.79173
22.95,9.79087
22.966667,9.79114
22.983333,9.79225
23,9.79403
23.016667,9.79476
23.033333,9.79504
23.05,9.79514
23.066667,9.79472
23.083333,9.79328
23.1,9.79159
23.116667,9.7904
23.133333,9.78944
23.15,9.7885
23.166667,9.78769
23.183333,9.78735
23.2,9.78761
23.216667,9.78827
23.233333,9.78921
23.25,9.79022
23.266667,9.79081
23.283333,9.79087
23.3,9.79066
23.316667,9.79048
23.333333,9.78995
23.35,9.78937
23.366667,9.7891
23.383333,9.79004
23.4,9.79155
23.416667,9.79225
23.433333,9.79305
23.45,9.79277
23.466667,9.79006
23.483333,9.78697
23.5,9.78378
23.516667,9.77851
23.533333,9.77905
23.55,9.77631
23.566667,9.76914
23.583333,9.76368
23.6,9.76045
23.616667,9.75835
23.633333,9.75538
23.65,9.75257
23.666667,9.75112
23.683333,9.75067
23.7,9.74931
23.716667,9.7473
23.733333,9.74619
23.75,9.74623
23.766667,9.74676
23.783333,9.74804
23.8,9.74956
23.816667,9.75117
23.833333,9.75349
23.85,9.75651
23.866667,9.75925
23.883333,9.76204
23.9,9.76479
23.916667,9.7678
23.933333,9.77163
23.95,9.77532
23.966667,9.77909
23.983333,9.78207
24,9.78247
24.016667,9.78184
24.033333,9.78025
24.05,9.77943
24.066667,9.77985
24.083333,9.78019
24.1,9.7801
24.116667,9.78045
24.133333,9.78123
24.15,9.78174
24.166667,9.78281
24.183333,9.78226
24.2,9.78128
24.216667,9.77971
24.233333,9.77878
24.25,9.77836
24.266667,9.77962
24.283333,9.78199
24.3,9.78303
24.316667,9.78404
24.333333,9.78469
24.35,9.78443
24.366667,9.78449
24.383333,9.78584
24.4,9.78735
24.416667,9.78859
24.433333,9.78975
24.45,9.79068
24.466667,9.79055
24.483333,9.78966
24.5,9.78881
24.516667,9.78879
24.533333,9.78765
24.55,9.78632
24.566667,9.7855
24.583333,9.78498
24.6,9.78441
24.616667,9.78394
24.633333,9.78393
24.65,9.78419
24.666667,9.78484
24.683333,9.78609
24.7,9.78643
24.716667,9.78613
24.733333,9.78584
24.75,9.78577
24.766667,9.78583
24.783333,9.78568
24.8,9.78544
24.816667,9.78539
24.833333,9.78568
24.85,9.78634
24.866667,9.78748
24.883333,9.78903
24.9,9.79036
24.916667,9.79146
24.933333,9.79246
24.95,9.79333
24.966667,9.79364
24.983333,9.79338
25,9.79247
25.016667,9.79181
25.033333,9.79096
25.05,9.78896
25.066667,9.78781
25.083333,9.7876
25.1,9.78799
25.116667,9.78834
25.133333,9.78896
25.15,9.79011
25.166667,9.79083
25.183333,9.79122
25.2,9.7902
25.216667,9.78868
25.233333,9.78736
25.25,9.78742
25.266667,9.78686
25.283333,9.78569
25.3,9.78455
25.316667,9.78448
25.333333,9.78496
25.35,9.7855
25.366667,9.78606
25.383333,9.78653
25.4,9.78662
25.416667,9.78611
25.433333,9.78522
25.45,9.78421
25.466667,9.78352
25.483333,9.78372
25.5,9.78385
25.516667,9.78414
25.533333,9.78463
25.55,9.78522
25.566667,9.78592
25.583333,9.78694
25.6,9.78836
25.616667,9.78963
25.633333,9.79049
25.65,9.79124
25.666667,9.79162
25.683333,9.79208
25.7,9.79248
25.716667,9.79275
25.733333,9.7929
25.75,9.79289
25.766667,9.79282
25.783333,9.79248
25.8,9.79189
25.816667,9.79108
25.833333,9.7903
25.85,9.78968
25.866667,9.78913
25.883333,9.78848
25.9,9.78711
25.916667,9.78554
25.933333,9.78348
25.95,9.78174
25.966667,9.78154
25.983333,9.78248
26,9.78406
26.016667,9.78733
26.033333,9.78919
26.05,9.78827
26.066667,9.78468
26.083333,9.77991
26.1,9.77551
26.116667,9.77211
26.133333,9.76828
26.15,9.76562
26.166667,9.76389
26.183333,9.76281
26.2,9.76116
26.216667,9.75918
26.233333,9.75765
26.25,9.75665
26.266667,9.75589
26.283333,9.75541
26.3,9.75525
26.316667,9.75555
26.333333,9.75619
26.35,9.7573
26.366667,9.7584
26.383333,9.7596
26.4,9.76086
26.416667,9.7619
26.433333,9.76302
26.45,9.76449
26.466667,9.7664
26.483333,9.76834
26.5,9.77069
26.516667,9.77309
26.533333,9.7749
26.55,9.77682
26.566667,9.77865
26.583333,9.78033
26.6,9.78226
26.616667,9.7838
26.633333,9.78446
26.65,9.7846
26.666667,9.78544
26.683333,9.78735
26.7,9.78859
26.716667,9.79008
26.733333,9.79153
26.75,9.79286
26.766667,9.79448
26.783333,9.79539
26.8,9.795
26.816667,9.79534
26.833333,9.79507
26.85,9.79419
26.866667,9.79324
26.883333,9.79279
26.9,9.79249
26.916667,9.79286
26.933333,9.79329
26.95,9.79362
26.966667,9.79411
26.983333,9.79422
27,9.79382
27.016667,9.7933
27.033333,9.79279
27.05,9.79228
27.066667,9.79241
27.083333,9.79276
27.1,9.79211
27.116667,9.79103
27.133333,9.78995
27.15,9.78906
27.166667,9.78887
27.183333,9.78937
27.2,9.79012
27.216667,9.79095
27.233333,9.79061
27.25,9.79032
27.266667,9.79018
27.283333,9.78917
27.3,9.78802
27.316667,9.78653
27.333333,9.78434
27.35,9.78281
27.366667,9.78177
27.383333,9.78105
27.4,9.77968
27.416667,9.77912
27.433333,9.77928
27.45,9.77987
27.466667,9.78074
27.483333,9.78175
27.5,9.78224
27.516667,9.78225
27.533333,9.78217
27.55,9.78234
27.566667,9.78267
27.583333,9.78306
27.6,9.78403
27.616667,9.7857
27.633333,9.78786
27.65,9.78965
27.666667,9.79043
27.683333,9.79055
27.7,9.79039
27.716667,9.79052
27.733333,9.79168
27.75,9.79258
27.766667,9.79302
27.783333,9.79308
27.8,9.79255
27.816667,9.79194
27.833333,9.78881
27.85,9.78522
27.866667,9.78433
27.883333,9.78571
27.9,9.78808
27.916667,9.79017
27.933333,9.79111
27.95,9.78926
27.966667,9.78825
27.983333,9.7888
28,9.78948
28.016667,9.79061
28.033333,9.7921
28.05,9.79355
28.066667,9.7949
28.083333,9.79621
28.1,9.79727
28.116667,9.79796
28.133333,9.79835
28.15,9.79846
28.166667,9.79828
28.183333,9.79783
28.2,9.79722
28.216667,9.79671
28.233333,9.79641
28.25,9.79598
28.266667,9.79556
28.283333,9.79542
28.3,9.79545
28.316667,9.79524
28.333333,9.79477
28.35,9.79423
28.366667,9.79373
28.383333,9.79309
28.4,9.79279
28.416667,9.79293
28.433333,9.79291
28.45,9.79266
28.466667,9.79142
28.483333,9.79052
28.5,9.78958
28.516667,9.78987
28.533333,9.79119
28.55,9.79043
28.566667,9.78537
28.583333,9.7813
28.6,9.77888
28.616667,9.77403
28.633333,9.76758
28.65,9.76178
28.666667,9.75715
28.683333,9.75258
28.7,9.74975
28.716667,9.74991
28.733333,9.75183
28.75,9.75215
28.766667,9.75329
28.783333,9.75332
28.8,9.75235
28.816667,9.75202
28.833333,9.75354
28.85,9.75582
28.866667,9.75923
28.883333,9.76291
28.9,9.76656
28.916667,9.77033
28.933333,9.77413
28.95,9.77806
28.966667,9.78191
28.983333,9.78465
29,9.78652
29.016667,9.78699
29.033333,9.78659
29.05,9.78661
29.066667,9.78646
29.083333,9.78629
29.1,9.78657
29.116667,9.78726
29.133333,9.78816
29.15,9.78888
29.166667,9.78896
29.183333,9.78874
29.2,9.78867
29.216667,9.78893
29.233333,9.78929
29.25,9.78966
29.266667,9.78987
29.283333,9.78981
29.3,9.78957
29.316667,9.78933
29.333333,9.78943
29.35,9.79048
29.366667,9.79166
29.383333,9.79119
29.4,9.7903
29.416667,9.79021
29.433333,9.79061
29.45,9.79084
29.466667,9.78996
29.483333,9.78984
29.5,9.79035
29.516667,9.79096
29.533333,9.79122
29.55,9.79081
29.566667,9.78999
29.583333,9.78923
29.6,9.78857
29.616667,9.78803
29.633333,9.7877
29.65,9.78794
29.666667,9.78889
29.683333,9.7888
29.7,9.78789
29.716667,9.78718
29.733333,9.78693
29.75,9.78692
29.766667,9.78712
29.783333,9.78799
29.8,9.78791
29.816667,9.78639
29.833333,9.78498
29.85,9.78454
29.866667,9.78537
29.883333,9.78739
29.9,9.78966
29.916667,9.79068
29.933333,9.79117
29.95,9.79147
29.966667,9.79157
29.983333,9.79133
30,9.79193
30.016667,9.79244
30.033333,9.79275
30.05,9.79378
30.066667,9.79468
30.083333,9.79529
30.1,9.79568
30.116667,9.7958
30.133333,9.79565
30.15,9.79521
30.166667,9.7946
30.183333,9.79373
30.2,9.79263
30.216667,9.79172
30.233333,9.79126
30.25,9.79099
30.266667,9.79089
30.283333,9.79121
30.3,9.79184
30.316667,9.79244
30.333333,9.79303
30.35,9.79371
30.366667,9.79429
30.383333,9.79473
30.4,9.795
30.416667,9.79517
30.433333,9.79565
30.45,9.79618
30.466667,9.79682
30.483333,9.79763
30.5,9.7983
30.516667,9.7987
30.533333,9.79873
30.55,9.7982
30.566667,9.79733
30.583333,9.7965
30.6,9.79567
30.616667,9.7949
30.633333,9.79409
30.65,9.79328
30.666667,9.79232
30.683333,9.79146
30.7,9.79077
30.716667,9.78995
30.733333,9.78899
30.75,9.78822
30.766667,9.78744
30.783333,9.78693
30.8,9.78619
30.816667,9.78528
30.833333,9.78448
30.85,9.78387
30.866667,9.78358
30.883333,9.78375
30.9,9.78374
30.916667,9.78294
30.933333,9.78155
30.95,9.78084
30.966667,9.78078
30.983333,9.78081
31,9.77979
31.016667,9.78022
31.033333,9.77951
31.05,9.78156
31.066667,9.77864
31.083333,9.77555
31.1,9.77866
31.116667,9.78009
31.133333,9.77868
31.15,9.77537
31.166667,9.77216
31.183333,9.77052
31.2,9.76876
31.216667,9.76885
31.233333,9.76811
31.25,9.76749
31.266667,9.76789
31.283333,9.76866
31.3,9.76937
31.316667,9.76925
31.333333,9.76896
31.35,9.76944
31.366667,9.77026
31.383333,9.771
31.4,9.77189
31.416667,9.773
31.433333,9.77446
31.45,9.77591
31.466667,9.77746
31.483333,9.77952
31.5,9.78148
31.516667,9.78301
31.533333,9.78491
31.55,9.78676
31.566667,9.78898
31.583333,9.78949
31.6,9.78992
31.616667,9.79093
31.633333,9.79093
31.65,9.78917
31.666667,9.78729
31.683333,9.7864
31.7,9.78667
31.716667,9.78742
31.733333,9.78887
31.75,9.79018
31.766667,9.79032
31.783333,9.79098
31.8,9.79124
31.816667,9.78946
31.833333,9.78796
31.85,9.78909
31.866667,9.79089
31.883333,9.7921
31.9,9.79272
31.916667,9.79332
31.933333,9.79425
31.95,9.79579
31.966667,9.79671
31.983333,9.79766
32,9.79826
32.016667,9.79809
32.033333,9.79733
32.05,9.7963
32.066667,9.79532
32.083333,9.79442
32.1,9.79392
32.116667,9.79336
32.133333,9.79244
32.15,9.79134
32.166667,9.79035
32.183333,9.78987
32.2,9.79005
32.216667,9.79026
32.233333,9.79046
32.25,9.79071
32.266667,9.79084
32.283333,9.79079
32.3,9.78996
32.316667,9.78955
32.333333,9.79031
32.35,9.79122
32.366667,9.79102
32.383333,9.79063
32.4,9.79088
32.416667,9.79148
32.433333,9.79214
32.45,9.79275
32.466667,9.79334
32.483333,9.79385
32.5,9.79413
32.516667,9.79377
32.533333,9.79281
32.55,9.7918
32.566667,9.79101
32.583333,9.79057
32.6,9.79027
32.616667,9.78989
32.633333,9.78925
32.65,9.78895
32.666667,9.78885
32.683333,9.78875
32.7,9.78895
32.716667,9.78921
32.733333,9.78945
32.75,9.78956
32.766667,9.78975
32.783333,9.79003
32.8,9.79047
32.816667,9.79076
32.833333,9.79086
32.85,9.79068
32.866667,9.79038
32.883333,9.79012
32.9,9.78993
32.916667,9.78986
32.933333,9.79008
32.95,9.7904
32.966667,9.79111
32.983333,9.79177
33,9.79227
33.016667,9.79259
33.033333,9.79238
33.05,9.79213
33.066667,9.79217
33.083333,9.79307
33.1,9.79411
33.116667,9.79467
33.133333,9.79455
33.15,9.79419
33.166667,9.79405
33.183333,9.7933
33.2,9.79447
33.216667,9.79529
33.233333,9.79409
33.25,9.79178
33.266667,9.79054
33.283333,9.78911
33.3,9.78843
33.316667,9.78892
33.333333,9.79106
33.35,9.79325
33.366667,9.79411
33.383333,9.79451
33.4,9.79304
33.416667,9.79144
33.433333,9.79224
33.45,9.79588
33.466667,9.8009
33.483333,9.80562
33.5,9.80702
33.516667,9.80254
33.533333,9.79952
33.55,9.79621
33.566667,9.78815
33.583333,9.78183
33.6,9.78038
33.616667,9.7795
33.633333,9.77749
33.65,9.77456
33.666667,9.77216
33.683333,9.77048
33.7,9.76915
33.716667,9.76674
33.733333,9.76549
33.75,9.76586
33.766667,9.76652
33.783333,9.76762
33.8,9.76845
33.816667,9.76912
33.833333,9.76957
33.85,9.77007
33.866667,9.77045
33.883333,9.77099
33.9,9.77236
33.916667,9.77396
33.933333,9.77562
33.95,9.77696
33.966667,9.77819
33.983333,9.77939
34,9.78088
34.016667,9.78291
34.033333,9.78505
34.05,9.78688
34.066667,9.78821
34.083333,9.78899
34.1,9.78911
34.116667,9.78894
34.133333,9.7891
34.15,9.7896
34.166667,9.78986
34.183333,9.78903
34.2,9.78879
34.216667,9.78887
34.233333,9.78899
34.25,9.78933
34.266667,9.79042
34.283333,9.79157
34.3,9.79263
34.316667,9.79357
34.333333,9.79368
34.35,9.79281
34.366667,9.79125
34.383333,9.78956
34.4,9.7882
34.416667,9.78714
34.433333,9.78699
34.45,9.78792
34.466667,9.78884
34.483333,9.78931
34.5,9.7897
34.516667,9.79167
34.533333,9.7922
34.55,9.79122
34.566667,9.78941
34.583333,9.78809
34.6,9.78924
34.616667,9.79065
34.633333,9.79172
34.65,9.79138
34.666667,9.79036
34.683333,9.79047
34.7,9.79164
34.716667,9.79355
34.733333,9.79551
34.75,9.79714
34.766667,9.79743
34.783333,9.79826
34.8,9.79836
34.816667,9.79795
34.833333,9.79773
34.85,9.79787
34.866667,9.79745
34.883333,9.7973
34.9,9.79739
34.916667,9.79731
34.933333,9.79733
34.95,9.79761
34.966667,9.79792
34.983333,9.79825
35,9.79851
35.016667,9.79811
35.033333,9.7971
35.05,9.79571
35.066667,9.79426
35.083333,9.79339
35.1,9.79321
35.116667,9.79329
35.133333,9.79344
35.15,9.79336
35.166667,9.79371
35.183333,9.79434
35.2,9.79465
35.216667,9.79432
35.233333,9.79513
35.25,9.79614
35.266667,9.79638
35.283333,9.79541
35.3,9.79443
35.316667,9.79405
35.333333,9.79353
35.35,9.79344
35.366667,9.79429
35.383333,9.79385
35.4,9.79356
35.416667,9.79348
35.433333,9.79281
35.45,9.79194
35.466667,9.79148
35.483333,9.79149
35.5,9.79125
35.516667,9.79083
35.533333,9.79042
35.55,9.79041
35.566667,9.79062
35.583333,9.79086
35.6,9.79111
35.616667,9.79132
35.633333,9.79141
35.65,9.79186
35.666667,9.79261
35.683333,9.79362
35.7,9.79492
35.716667,9.79603
35.733333,9.79667
35.75,9.79701
35.766667,9.79709
35.783333,9.79713
35.8,9.79709
35.816667,9.79675
35.833333,9.79646
35.85,9.79628
35.866667,9.79628
35.883333,9.79634
35.9,9.79685
35.916667,9.79755
35.933333,9.79742
35.95,9.79621
35.966667,9.79477
35.983333,9.7951
36,9.7955
36.016667,9.79501
36.033333,9.7944
36.05,9.79207
36.066667,9.78785
36.083333,9.78267
36.1,9.77874
36.116667,9.77683
36.133333,9.77683
36.15,9.77616
36.166667,9.77414
36.183333,9.77195
36.2,9.76997
36.216667,9.76832
36.233333,9.76711
36.25,9.76644
36.266667,9.76552
36.283333,9.76611
36.3,9.76838
36.316667,9.76979
36.333333,9.77087
36.35,9.77172
36.366667,9.77145
36.383333,9.77108
36.4,9.77173
36.416667,9.77363
36.433333,9.77545
36.45,9.77782
36.466667,9.78036
36.483333,9.78275
36.5,9.7853
36.516667,9.7882
36.533333,9.79087
36.55,9.793
36.566667,9.79443
36.583333,9.7951
36.6,9.7946
36.616667,9.79394
36.633333,9.79338
36.65,9.79354
36.666667,9.79432
36.683333,9.79555
36.7,9.79668
36.716667,9.79758
36.733333,9.79817
36.75,9.7986
36.766667,9.79811
36.783333,9.79752
36.8,9.79606
36.816667,9.79472
36.833333,9.79368
36.85,9.79244
36.866667,9.79138
36.883333,9.79083
36.9,9.79113
36.916667,9.79232
36.933333,9.79393
36.95,9.79541
36.966667,9.79602
36.983333,9.79543
37,9.79406
37.016667,9.79249
37.033333,9.79099
37.05,9.79007
37.066667,9.79008
37.083333,9.79061
37.1,9.79185
37.116667,9.79342
37.133333,9.79377
37.15,9.79304
37.166667,9.79373
37.183333,9.79521
37.2,9.79622
37.216667,9.79628
37.233333,9.79575
37.25,9.79473
37.266667,9.79317
37.283333,9.79252
37.3,9.79259
37.316667,9.79367
37.333333,9.79544
37.35,9.79724
37.366667,9.79816
37.383333,9.79896
37.4,9.79981
37.416667,9.80024
37.433333,9.80018
37.45,9.7997
37.466667,9.79895
37.483333,9.79785
37.5,9.79643
37.516667,9.79596
37.533333,9.79589
37.55,9.79614
37.566667,9.79701
37.583333,9.79798
37.6,9.79836
37.616667,9.79866
37.633333,9.7988
37.65,9.79849
37.666667,9.79748
37.683333,9.7965
37.7,9.79553
37.716667,9.79505
37.733333,9.79504
37.75,9.79568
37.766667,9.79659
37.783333,9.79759
37.8,9.79851
37.816667,9.79912
37.833333,9.79949
37.85,9.79928
37.866667,9.79916
37.883333,9.79883
37.9,9.79839
37.916667,9.7983
37.933333,9.79823
37.95,9.79817
37.966667,9.79817
37.983333,9.798
38,9.79759
38.016667,9.79725
38.033333,9.79696
38.05,9.79648
38.066667,9.79574
38.083333,9.7947
38.1,9.79377
38.116667,9.79307
38.133333,9.79263
38.15,9.79249
38.166667,9.79185
38.183333,9.79115
38.2,9.79066
38.216667,9.79052
38.233333,9.79
38.25,9.78899
38.266667,9.78811
38.283333,9.78726
38.3,9.78644
38.316667,9.78609
38.333333,9.7861
38.35,9.78623
38.366667,9.78601
38.383333,9.78565
38.4,9.78513
38.416667,9.78405
38.433333,9.78302
38.45,9.7836
38.466667,9.78274
38.483333,9.78311
38.5,9.78408
38.516667,9.78362
38.533333,9.77982
38.55,9.77528
38.566667,9.771
38.583333,9.76965
38.6,9.77068
38.616667,9.7717
38.633333,9.77108
38.65,9.77071
38.666667,9.77024
38.683333,9.76973
38.7,9.76986
38.716667,9.77058
38.733333,9.77162
38.75,9.77286
38.766667,9.77392
38.783333,9.775
38.8,9.776
38.816667,9.77651
38.833333,9.77652
38.85,9.77745
38.866667,9.77879
38.883333,9.77974
38.9,9.7799
38.916667,9.77927
38.933333,9.7793
38.95,9.78018
38.966667,9.78179
38.983333,9.78368
39,9.7858
39.016667,9.78809
39.033333,9.78943
39.05,9.79088
39.066667,9.79096
39.083333,9.79135
39.1,9.79192
39.116667,9.79306
39.133333,9.79414
39.15,9.79421
39.166667,9.79395
39.183333,9.79417
39.2,9.7947
39.216667,9.79591
39.233333,9.79722
39.25,9.79845
39.266667,9.7995
39.283333,9.79993
39.3,9.79953
39.316667,9.79858
39.333333,9.79726
39.35,9.79615
39.366667,9.79554
39.383333,9.79521
39.4,9.79495
39.416667,9.79482
39.433333,9.79474
39.45,9.79493
39.466667,9.79545
39.483333,9.79576
39.5,9.7957
39.516667,9.79561
39.533333,9.79603
39.55,9.7962
39.566667,9.79638
39.583333,9.79677
39.6,9.79745
39.616667,9.79801
39.633333,9.79861
39.65,9.79922
39.666667,9.7996
39.683333,9.79929
39.7,9.79879
39.716667,9.79871
39.733333,9.79907
39.75,9.7995
39.766667,9.79954
39.783333,9.79893
39.8,9.79811
39.816667,9.79743
39.833333,9.79554
39.85,9.79518
39.866667,9.79409
39.883333,9.79224
39.9,9.79063
39.916667,9.78894
39.933333,9.7887
39.95,9.78898
39.966667,9.78822
39.983333,9.78823
40,9.78843
40.016667,9.78835
40.033333,9.78978
40.05,9.79105
40.066667,9.79084
40.083333,9.79076
40.1,9.79144
40.116667,9.79271
40.133333,9.7941
40.15,9.79572
40.166667,9.79741
40.183333,9.79678
40.2,9.79645
40.216667,9.79669
40.233333,9.79758
40.25,9.79887
40.266667,9.80013
40.283333,9.80121
40.3,9.80189
40.316667,9.80197
40.333333,9.80114
40.35,9.79929
40.366667,9.79762
40.383333,9.7962
40.4,9.79529
40.416667,9.79493
40.433333,9.79483
40.45,9.79433
40.466667,9.79413
40.483333,9.79489
40.5,9.79501
40.516667,9.7952
40.533333,9.79445
40.55,9.79267
40.566667,9.79163
40.583333,9.79252
40.6,9.79341
40.616667,9.79445
40.633333,9.79498
40.65,9.79557
40.666667,9.79647
40.683333,9.79775
40.7,9.79879
40.716667,9.79955
40.733333,9.79994
40.75,9.7999
40.766667,9.79916
40.783333,9.79843
40.8,9.79826
40.816667,9.79804
40.833333,9.79759
40.85,9.79701
40.866667,9.79644
40.883333,9.79608
40.9,9.79536
40.916667,9.79484
40.933333,9.79371
40.95,9.79236
40.966667,9.79195
40.983333,9.79114
41,9.79021
41.016667,9.78972
41.033333,9.78975
41.05,9.79966
41.066667,9.79936
41.083333,9.79363
41.1,9.79176
41.116667,9.78941
41.133333,9.78323
41.15,9.77881
41.166667,9.77411
41.183333,9.77049
41.2,9.7676
41.216667,9.76663
41.233333,9.76538
41.25,9.76566
41.266667,9.76789
41.283333,9.76915
41.3,9.76998
41.316667,9.76991
41.333333,9.76819
41.35,9.76943
41.366667,9.7725
41.383333,9.77481
41.4,9.77649
41.416667,9.77879
41.433333,9.78076
41.45,9.78219
41.466667,9.78444
41.483333,9.7861
41.5,9.78716
41.516667,9.78784
41.533333,9.78894
41.55,9.78945
41.566667,9.78965
41.583333,9.79057
41.6,9.79149
41.616667,9.79242
41.633333,9.79356
41.65,9.7946
41.666667,9.7951
41.683333,9.79576
41.7,9.79681
41.716667,9.79797
41.733333,9.79856
41.75,9.79881
41.766667,9.79886
41.783333,9.7994
41.8,9.80021
41.816667,9.80065
41.833333,9.80058
41.85,9.80013
41.866667,9.79993
41.883333,9.80049
41.9,9.80131
41.916667,9.8016
41.933333,9.80166
41.95,9.8015
41.966667,9.801
41.983333,9.80013
42,9.79957
42.016667,9.79858
42.033333,9.79822
42.05,9.79891
42.066667,9.7996
42.083333,9.79987
42.1,9.80032
42.116667,9.80055
42.133333,9.80056
42.15,9.80072
42.166667,9.801
42.183333,9.80103
42.2,9.80078
42.216667,9.80013
42.233333,9.79966
42.25,9.79987
42.266667,9.80049
42.283333,9.80113
42.3,9.80197
42.316667,9.80263
42.333333,9.80293
42.35,9.80312
42.366667,9.80313
42.383333,9.8026
42.4,9.80193
42.416667,9.8015
42.433333,9.80102
42.45,9.80041
42.466667,9.79983
42.483333,9.79955
42.5,9.79953
42.516667,9.79993
42.533333,9.80057
42.55,9.8013
42.566667,9.80161
42.583333,9.80127
42.6,9.80041
42.616667,9.79942
42.633333,9.79849
42.65,9.79737
42.666667,9.79632
42.683333,9.79604
42.7,9.7963
42.716667,9.79681
42.733333,9.79668
42.75,9.79686
42.766667,9.7966
42.783333,9.79635
42.8,9.79663
42.816667,9.79668
42.833333,9.79561
42.85,9.79524
42.866667,9.79669
42.883333,9.79773
42.9,9.79838
42.916667,9.79908
42.933333,9.79935
42.95,9.79983
42.966667,9.80015
42.983333,9.79948
43,9.79994
43.016667,9.80009
43.033333,9.79976
43.05,9.79901
43.066667,9.79848
43.083333,9.79854
43.1,9.79873
43.116667,9.79891
43.133333,9.79859
43.15,9.79784
43.166667,9.79712
43.183333,9.79648
43.2,9.79571
43.216667,9.79502
43.233333,9.79458
43.25,9.79459
43.266667,9.79505
43.283333,9.79603
43.3,9.7973
43.316667,9.79801
43.333333,9.79858
43.35,9.79894
43.366667,9.79921
43.383333,9.79962
43.4,9.80009
43.416667,9.80067
43.433333,9.80192
43.45,9.80349
43.466667,9.80581
43.483333,9.80774
43.5,9.80794
43.516667,9.80755
43.533333,9.80693
43.55,9.80427
43.566667,9.79734
43.583333,9.78957
43.6,9.78467
43.616667,9.7845
43.633333,9.78286
43.65,9.78017
43.666667,9.77754
43.683333,9.77625
43.7,9.77558
43.716667,9.77383
43.733333,9.77414
43.75,9.7736
43.766667,9.77324
43.783333,9.77364
43.8,9.77456
43.816667,9.77508
43.833333,9.77669
43.85,9.77805
43.866667,9.77877
43.883333,9.77964
43.9,9.78076
43.916667,9.7819
43.933333,9.78317
43.95,9.78488
43.966667,9.7871
43.983333,9.7886
44,9.79025
44.016667,9.7918
44.033333,9.79309
44.05,9.79443
44.066667,9.79579
44.083333,9.79724
44.1,9.79852
44.116667,9.79945
44.133333,9.80008
44.15,9.79986
44.166667,9.79952
44.183333,9.79919
44.2,9.79881
44.216667,9.79847
44.233333,9.7982
44.25,9.79829
44.266667,9.79872
44.283333,9.79931
44.3,9.79954
44.316667,9.79907
44.333333,9.79802
44.35,9.79687
44.366667,9.79576
44.383333,9.79472
44.4,9.7942
44.416667,9.79365
44.433333,9.79388
44.45,9.79423
44.466667,9.79484
44.483333,9.79628
44.5,9.79782
44.516667,9.79848
44.533333,9.79927
44.55,9.80057
44.566667,9.80092
44.583333,9.79983
44.6,9.79842
44.616667,9.79753
44.633333,9.79675
44.65,9.79688
44.666667,9.79768
44.683333,9.79889
44.7,9.80026
44.716667,9.80176
44.733333,9.80261
44.75,9.8027
44.766667,9.80232
44.783333,9.80134
44.8,9.79974
44.816667,9.7985
44.833333,9.79769
44.85,9.79828
44.866667,9.79992
44.883333,9.80092
44.9,9.80204
44.916667,9.80397
44.933333,9.80488
44.95,9.8044
44.966667,9.8051
44.983333,9.80389
45,9.80251
45.016667,9.80199
45.033333,9.8011
45.05,9.80005
45.066667,9.79997
45.083333,9.79933
45.1,9.79953
45.116667,9.80066
45.133333,9.8019
45.15,9.8027
45.166667,9.80266
45.183333,9.80211
45.2,9.8015
45.216667,9.8011
45.233333,9.80109
45.25,9.80164
45.266667,9.80163
45.283333,9.802
45.3,9.80188
45.316667,9.80157
45.333333,9.80116
45.35,9.80087
45.366667,9.80098
45.383333,9.8017
45.4,9.80271
45.416667,9.80316
45.433333,9.8027
45.45,9.80194
45.466667,9.80118
45.483333,9.80076
45.5,9.80041
45.516667,9.79988
45.533333,9.79948
45.55,9.80002
45.566667,9.79923
45.583333,9.79838
45.6,9.79737
45.616667,9.79656
45.633333,9.79683
45.65,9.79775
45.666667,9.79859
45.683333,9.79797
45.7,9.79702
45.716667,9.7984
45.733333,9.79887
45.75,9.79879
45.766667,9.79878
45.783333,9.79773
45.8,9.79714
45.816667,9.79698
45.833333,9.79761
45.85,9.79855
45.866667,9.79905
45.883333,9.80007
45.9,9.80198
45.916667,9.80376
45.933333,9.80318
45.95,9.80202
45.966667,9.80172
45.983333,9.80295
46,9.80526
46.016667,9.80545
46.033333,9.80456
46.05,9.80253
46.066667,9.79896
46.083333,9.79468
46.1,9.7933
46.116667,9.79265
46.133333,9.78921
46.15,9.78425
46.166667,9.78097
46.183333,9.77794
46.2,9.77532
46.216667,9.77333
46.233333,9.77246
46.25,9.77239
46.266667,9.77338
46.283333,9.77485
46.3,9.77548
46.316667,9.77548
46.333333,9.77533
46.35,9.77523
46.366667,9.77575
46.383333,9.77691
46.4,9.77925
46.416667,9.78189
46.433333,9.78431
46.45,9.78672
46.466667,9.78905
46.483333,9.79132
46.5,9.7933
46.516667,9.79489
46.533333,9.79692
46.55,9.79816
46.566667,9.79925
46.583333,9.79974
46.6,9.79961
46.616667,9.79911
46.633333,9.79847
46.65,9.79781
46.666667,9.79709
46.683333,9.79643
46.7,9.79587
46.716667,9.79478
46.733333,9.79335
46.75,9.79235
46.766667,9.79302
46.783333,9.79304
46.8,9.79203
46.816667,9.79087
46.833333,9.79007
46.85,9.78883
46.866667,9.78713
46.883333,9.78844
46.9,9.791
46.916667,9.79226
46.933333,9.79299
46.95,9.79367
46.966667,9.79469
46.983333,9.79644
47,9.79861
47.016667,9.7997
47.033333,9.80025
47.05,9.80088
47.066667,9.80143
47.083333,9.80314
47.1,9.80344
47.116667,9.8028
47.133333,9.80269
47.15,9.80399
47.166667,9.80519
47.183333,9.80598
47.2,9.80624
47.216667,9.80556
47.233333,9.80453
47.25,9.80409
47.266667,9.80449
47.283333,9.80531
47.3,9.80573
47.316667,9.80618
47.333333,9.80648
47.35,9.80645
47.366667,9.80616
47.383333,9.80577
47.4,9.80609
47.416667,9.80675
47.433333,9.80732
47.45,9.80762
47.466667,9.8074
47.483333,9.80656
47.5,9.806
47.516667,9.80583
47.533333,9.80529
47.55,9.80512
47.566667,9.80519
47.583333,9.80464
47.6,9.80375
47.616667,9.80287
47.633333,9.80207
47.65,9.80166
47.666667,9.80165
47.683333,9.80152
47.7,9.80146
47.716667,9.80185
47.733333,9.802
47.75,9.80188
47.766667,9.80167
47.783333,9.80172
47.8,9.80203
47.816667,9.80233
47.833333,9.80179
47.85,9.80057
47.866667,9.7998
47.883333,9.79928
47.9,9.79866
47.916667,9.79859
47.933333,9.79909
47.95,9.79954
47.966667,9.79982
47.983333,9.79913
48,9.79893
48.016667,9.79874
48.033333,9.7987
48.05,9.79819
48.066667,9.79758
48.083333,9.79763
48.1,9.79823
48.116667,9.79892
48.133333,9.79939
48.15,9.79941
48.166667,9.79912
48.183333,9.79867
48.2,9.79794
48.216667,9.79805
48.233333,9.79857
48.25,9.79757
48.266667,9.79708
48.283333,9.79698
48.3,9.79687
48.316667,9.79544
48.333333,9.7923
48.35,9.79133
48.366667,9.79307
48.383333,9.79646
48.4,9.7992
48.416667,9.79895
48.433333,9.79654
48.45,9.79604
48.466667,9.79874
48.483333,9.80021
48.5,9.79911
48.516667,9.79879
48.533333,9.80127
