Calpeptin_400uM_in_S256A_24uM_28C_X,Calpeptin_400uM_in_S256A_24uM_28C_Y
0.083333,9.36728
0.1,9.36812
0.116667,9.36846
0.133333,9.36887
0.15,9.3693
0.166667,9.36971
0.183333,9.36996
0.2,9.37008
0.216667,9.3702
0.233333,9.37042
0.25,9.3705
0.266667,9.3706
0.283333,9.37086
0.3,9.3714
0.316667,9.37185
0.333333,9.37214
0.35,9.37232
0.366667,9.37246
0.383333,9.37269
0.4,9.37314
0.416667,9.37356
0.433333,9.37373
0.45,9.37368
0.466667,9.37357
0.483333,9.37351
0.5,9.37357
0.516667,9.37366
0.533333,9.3737
0.55,9.37376
0.566667,9.3738
0.583333,9.37381
0.6,9.37376
0.616667,9.37368
0.633333,9.37349
0.65,9.37322
0.666667,9.37318
0.683333,9.37323
0.7,9.37325
0.716667,9.37334
0.733333,9.37325
0.75,9.37319
0.766667,9.37316
0.783333,9.3731
0.8,9.37316
0.816667,9.3735
0.833333,9.37395
0.85,9.37435
0.866667,9.37453
0.883333,9.37484
0.9,9.37504
0.916667,9.37541
0.933333,9.37557
0.95,9.37579
0.966667,9.37685
0.983333,9.37955
1,9.38287
1.016667,9.38254
1.033333,9.37969
1.05,9.37144
1.066667,9.36332
1.083333,9.35696
1.1,9.35054
1.116667,9.3501
1.133333,9.35253
1.15,9.35401
1.166667,9.35567
1.183333,9.35674
1.2,9.35755
1.216667,9.35813
1.233333,9.3583
1.25,9.35848
1.266667,9.35882
1.283333,9.3594
1.3,9.35974
1.316667,9.35978
1.333333,9.35965
1.35,9.35941
1.366667,9.3591
1.383333,9.35852
1.4,9.35781
1.416667,9.35711
1.433333,9.35649
1.45,9.35577
1.466667,9.35492
1.483333,9.3545
1.5,9.35402
1.516667,9.3535
1.533333,9.35295
1.55,9.35235
1.566667,9.35184
1.583333,9.35169
1.6,9.35221
1.616667,9.35265
1.633333,9.353
1.65,9.35355
1.666667,9.35404
1.683333,9.35475
1.7,9.35558
1.716667,9.35595
1.733333,9.35679
1.75,9.35723
1.766667,9.35755
1.783333,9.35828
1.8,9.35911
1.816667,9.35984
1.833333,9.36074
1.85,9.36081
1.866667,9.36083
1.883333,9.36044
1.9,9.36046
1.916667,9.36077
1.933333,9.36049
1.95,9.35991
1.966667,9.35988
1.983333,9.35923
2,9.35876
2.016667,9.35875
2.033333,9.35966
2.05,9.36053
2.066667,9.35985
2.083333,9.35979
2.1,9.36078
2.116667,9.36242
2.133333,9.36439
2.15,9.36566
2.166667,9.3658
2.183333,9.3657
2.2,9.36661
2.216667,9.36742
2.233333,9.36664
2.25,9.3653
2.266667,9.36437
2.283333,9.36089
2.3,9.35319
2.316667,9.35172
2.333333,9.35422
2.35,9.35683
2.366667,9.35959
2.383333,9.36182
2.4,9.36318
2.416667,9.36478
2.433333,9.36506
2.45,9.36443
2.466667,9.36395
2.483333,9.3648
2.5,9.36551
2.516667,9.36557
2.533333,9.36455
2.55,9.36402
2.566667,9.36448
2.583333,9.36454
2.6,9.36363
2.616667,9.36272
2.633333,9.36234
2.65,9.36279
2.666667,9.36308
2.683333,9.36318
2.7,9.3632
2.716667,9.36312
2.733333,9.36304
2.75,9.36284
2.766667,9.36292
2.783333,9.36313
2.8,9.36347
2.816667,9.36355
2.833333,9.36354
2.85,9.36365
2.866667,9.36373
2.883333,9.36364
2.9,9.36351
2.916667,9.36345
2.933333,9.36353
2.95,9.36367
2.966667,9.36389
2.983333,9.36457
3,9.36563
3.016667,9.36688
3.033333,9.36686
3.05,9.36223
3.066667,9.35661
3.083333,9.35311
3.1,9.35322
3.116667,9.35353
3.133333,9.35388
3.15,9.35417
3.166667,9.35455
3.183333,9.35451
3.2,9.35459
3.216667,9.35463
3.233333,9.35482
3.25,9.35511
3.266667,9.35531
3.283333,9.35562
3.3,9.35602
3.316667,9.35648
3.333333,9.35709
3.35,9.35765
3.366667,9.35839
3.383333,9.35883
3.4,9.35918
3.416667,9.36003
3.433333,9.36083
3.45,9.3621
3.466667,9.36377
3.483333,9.36545
3.5,9.36713
3.516667,9.3678
3.533333,9.36761
3.55,9.35852
3.566667,9.33295
3.583333,9.29497
3.6,9.25408
3.616667,9.22303
3.633333,9.20419
3.65,9.19659
3.666667,9.19885
3.683333,9.19892
3.7,9.20529
3.716667,9.21504
3.733333,9.22356
3.75,9.23206
3.766667,9.24439
3.783333,9.25583
3.8,9.2692
3.816667,9.28269
3.833333,9.29303
3.85,9.29747
3.866667,9.29921
3.883333,9.30032
3.9,9.3021
3.916667,9.30446
3.933333,9.30716
3.95,9.30917
3.966667,9.30973
3.983333,9.30985
4,9.31051
4.016667,9.31178
4.033333,9.31237
4.05,9.31208
4.066667,9.31148
4.083333,9.31068
4.1,9.31062
4.116667,9.31102
4.133333,9.31107
4.15,9.31424
4.166667,9.32501
4.183333,9.33263
4.2,9.33459
4.216667,9.3331
4.233333,9.32893
4.25,9.32205
4.266667,9.31854
4.283333,9.31816
4.3,9.32028
4.316667,9.32298
4.333333,9.32435
4.35,9.32572
4.366667,9.32705
4.383333,9.3283
4.4,9.3293
4.416667,9.3307
4.433333,9.33218
4.45,9.33307
4.466667,9.33369
4.483333,9.33458
4.5,9.33537
4.516667,9.33586
4.533333,9.33655
4.55,9.33722
4.566667,9.33807
4.583333,9.33903
4.6,9.34027
4.616667,9.34126
4.633333,9.34212
4.65,9.34296
4.666667,9.34348
4.683333,9.34483
4.7,9.34683
4.716667,9.34877
4.733333,9.35183
4.75,9.35451
4.766667,9.3575
4.783333,9.35575
4.8,9.34777
4.816667,9.33986
4.833333,9.33638
4.85,9.33517
4.866667,9.33693
4.883333,9.3386
4.9,9.33989
4.916667,9.34099
4.933333,9.34207
4.95,9.34407
4.966667,9.34613
4.983333,9.34803
5,9.34895
5.016667,9.34984
5.033333,9.35172
5.05,9.35116
5.066667,9.35156
5.083333,9.3512
5.1,9.35077
5.116667,9.34995
5.133333,9.34938
5.15,9.34936
5.166667,9.34926
5.183333,9.34934
5.2,9.34901
5.216667,9.34839
5.233333,9.34851
5.25,9.34829
5.266667,9.34826
5.283333,9.34839
5.3,9.34844
5.316667,9.34851
5.333333,9.34872
5.35,9.34876
5.366667,9.34907
5.383333,9.34969
5.4,9.35018
5.416667,9.35056
5.433333,9.35079
5.45,9.35033
5.466667,9.34968
5.483333,9.34908
5.5,9.34917
5.516667,9.34929
5.533333,9.34933
5.55,9.34939
5.566667,9.34971
5.583333,9.34959
5.6,9.34889
5.616667,9.34862
5.633333,9.34901
5.65,9.34914
5.666667,9.34938
5.683333,9.3497
5.7,9.34981
5.716667,9.34988
5.733333,9.34991
5.75,9.35008
5.766667,9.35048
5.783333,9.35078
5.8,9.35086
5.816667,9.35077
5.833333,9.35081
5.85,9.35087
5.866667,9.35078
5.883333,9.35063
5.9,9.35069
5.916667,9.35067
5.933333,9.35027
5.95,9.35035
5.966667,9.35111
5.983333,9.35092
6,9.35053
6.016667,9.35008
6.033333,9.35217
6.05,9.34044
6.066667,9.31971
6.083333,9.28864
6.1,9.25479
6.116667,9.23018
6.133333,9.21442
6.15,9.21021
6.166667,9.20769
6.183333,9.21072
6.2,9.21817
6.216667,9.22997
6.233333,9.23732
6.25,9.24441
6.266667,9.25449
6.283333,9.26574
6.3,9.2732
6.316667,9.28354
6.333333,9.29323
6.35,9.29883
6.366667,9.3005
6.383333,9.30228
6.4,9.30467
6.416667,9.30694
6.433333,9.30848
6.45,9.31
6.466667,9.31123
6.483333,9.3126
6.5,9.31401
6.516667,9.31525
6.533333,9.31637
6.55,9.3173
6.566667,9.31825
6.583333,9.31883
6.6,9.31964
6.616667,9.32023
6.633333,9.32088
6.65,9.32127
6.666667,9.32288
6.683333,9.33298
6.7,9.33905
6.716667,9.33931
6.733333,9.33764
6.75,9.33581
6.766667,9.33456
6.783333,9.33291
6.8,9.33116
6.816667,9.32997
6.833333,9.33373
6.85,9.34269
6.866667,9.34361
6.883333,9.34288
6.9,9.34262
6.916667,9.3427
6.933333,9.342
6.95,9.3414
6.966667,9.34173
6.983333,9.34217
7,9.34207
7.016667,9.34191
7.033333,9.34188
7.05,9.34192
7.066667,9.34212
7.083333,9.34257
7.1,9.34267
7.116667,9.34266
7.133333,9.34268
7.15,9.3428
7.166667,9.34343
7.183333,9.34379
7.2,9.3438
7.216667,9.34396
7.233333,9.34407
7.25,9.34416
7.266667,9.34417
7.283333,9.34415
7.3,9.34441
7.316667,9.3449
7.333333,9.34524
7.35,9.3455
7.366667,9.34589
7.383333,9.34642
7.4,9.34695
7.416667,9.34745
7.433333,9.34793
7.45,9.34837
7.466667,9.34865
7.483333,9.34888
7.5,9.34951
7.516667,9.34999
7.533333,9.3495
7.55,9.34913
7.566667,9.34895
7.583333,9.34886
7.6,9.34881
7.616667,9.34867
7.633333,9.34851
7.65,9.34824
7.666667,9.34817
7.683333,9.34828
7.7,9.34808
7.716667,9.34816
7.733333,9.34831
7.75,9.34838
7.766667,9.34813
7.783333,9.34798
7.8,9.34836
7.816667,9.34871
7.833333,9.34877
7.85,9.34891
7.866667,9.34903
7.883333,9.34935
7.9,9.34989
7.916667,9.35076
7.933333,9.35124
7.95,9.35179
7.966667,9.3524
7.983333,9.35321
8,9.35351
8.016667,9.35341
8.033333,9.35322
8.05,9.35378
8.066667,9.35519
8.083333,9.35619
8.1,9.35715
8.116667,9.35827
8.133333,9.35929
8.15,9.36007
8.166667,9.3609
8.183333,9.36168
8.2,9.36223
8.216667,9.36238
8.233333,9.36306
8.25,9.36402
8.266667,9.3644
8.283333,9.36443
8.3,9.3647
8.316667,9.36527
8.333333,9.3651
8.35,9.36447
8.366667,9.36651
8.383333,9.37014
8.4,9.36923
8.416667,9.36741
8.433333,9.36649
8.45,9.36608
8.466667,9.36403
8.483333,9.36249
8.5,9.3628
8.516667,9.36311
8.533333,9.36037
8.55,9.35103
8.566667,9.33499
8.583333,9.31135
8.6,9.28698
8.616667,9.26753
8.633333,9.25616
8.65,9.24899
8.666667,9.24494
8.683333,9.24163
8.7,9.24332
8.716667,9.24942
8.733333,9.25698
8.75,9.26595
8.766667,9.27918
8.783333,9.28973
8.8,9.29678
8.816667,9.3061
8.833333,9.31247
8.85,9.31929
8.866667,9.32547
8.883333,9.32737
8.9,9.32888
8.916667,9.33006
8.933333,9.33082
8.95,9.33187
8.966667,9.33317
8.983333,9.33442
9,9.33566
9.016667,9.33688
9.033333,9.33781
9.05,9.33854
9.066667,9.33935
9.083333,9.33998
9.1,9.34042
9.116667,9.34113
9.133333,9.34218
9.15,9.34303
9.166667,9.34392
9.183333,9.34488
9.2,9.34584
9.216667,9.3466
9.233333,9.34726
9.25,9.34776
9.266667,9.34835
9.283333,9.34866
9.3,9.34885
9.316667,9.34921
9.333333,9.34943
9.35,9.34962
9.366667,9.34997
9.383333,9.35035
9.4,9.3507
9.416667,9.35088
9.433333,9.35069
9.45,9.35041
9.466667,9.35021
9.483333,9.34981
9.5,9.34958
9.516667,9.34951
9.533333,9.35011
9.55,9.35013
9.566667,9.35034
9.583333,9.35094
9.6,9.3516
9.616667,9.35203
9.633333,9.35245
9.65,9.35293
9.666667,9.35365
9.683333,9.3545
9.7,9.35538
9.716667,9.35632
9.733333,9.35685
9.75,9.35741
9.766667,9.35826
9.783333,9.35872
9.8,9.35935
9.816667,9.35982
9.833333,9.35979
9.85,9.36011
9.866667,9.36082
9.883333,9.3615
9.9,9.36167
9.916667,9.36141
9.933333,9.36141
9.95,9.36134
9.966667,9.36133
9.983333,9.3611
10,9.36092
10.016667,9.36107
10.033333,9.36138
10.05,9.36181
10.066667,9.36248
10.083333,9.36304
10.1,9.36313
10.116667,9.36329
10.133333,9.36378
10.15,9.36425
10.166667,9.36512
10.183333,9.36583
10.2,9.36554
10.216667,9.3647
10.233333,9.36465
10.25,9.36515
10.266667,9.36581
10.283333,9.36549
10.3,9.36484
10.316667,9.36405
10.333333,9.36341
10.35,9.36306
10.366667,9.36315
10.383333,9.36375
10.4,9.36452
10.416667,9.36454
10.433333,9.36465
10.45,9.36483
10.466667,9.36488
10.483333,9.36549
10.5,9.36641
10.516667,9.36683
10.533333,9.36738
10.55,9.36841
10.566667,9.36957
10.583333,9.37061
10.6,9.37093
10.616667,9.37003
10.633333,9.36902
10.65,9.37033
10.666667,9.37672
10.683333,9.3825
10.7,9.3824
10.716667,9.38056
10.733333,9.37797
10.75,9.37578
10.766667,9.37301
10.783333,9.37219
10.8,9.37223
10.816667,9.37092
10.833333,9.36938
10.85,9.36786
10.866667,9.3677
10.883333,9.36745
10.9,9.36744
10.916667,9.36821
10.933333,9.36857
10.95,9.36773
10.966667,9.36864
10.983333,9.37116
11,9.3735
11.016667,9.37722
11.033333,9.37691
11.05,9.36802
11.066667,9.35095
11.083333,9.32992
11.1,9.31234
11.116667,9.30662
11.133333,9.30569
11.15,9.30288
11.166667,9.29846
11.183333,9.29502
11.2,9.28832
11.216667,9.28445
11.233333,9.28535
11.25,9.29491
11.266667,9.30779
11.283333,9.31617
11.3,9.3224
11.316667,9.32982
11.333333,9.33809
11.35,9.34619
11.366667,9.34709
11.383333,9.34803
11.4,9.34817
11.416667,9.34882
11.433333,9.35008
11.45,9.35125
11.466667,9.35224
11.483333,9.35298
11.5,9.35394
11.516667,9.35533
11.533333,9.35676
11.55,9.35779
11.566667,9.35862
11.583333,9.35961
11.6,9.36103
11.616667,9.36223
11.633333,9.36307
11.65,9.3636
11.666667,9.36371
11.683333,9.36387
11.7,9.3643
11.716667,9.36483
11.733333,9.36556
11.75,9.36626
11.766667,9.36693
11.783333,9.36739
11.8,9.36786
11.816667,9.36814
11.833333,9.36816
11.85,9.3681
11.866667,9.3681
11.883333,9.36783
11.9,9.36773
11.916667,9.36763
11.933333,9.36764
11.95,9.3678
11.966667,9.36804
11.983333,9.36829
12,9.36829
12.016667,9.36895
12.033333,9.36969
12.05,9.36966
12.066667,9.36934
12.083333,9.36918
12.1,9.369
12.116667,9.36962
12.133333,9.3701
12.15,9.36995
12.166667,9.36993
12.183333,9.37039
12.2,9.37131
12.216667,9.37223
12.233333,9.3727
12.25,9.37287
12.266667,9.37324
12.283333,9.37348
12.3,9.37317
12.316667,9.37284
12.333333,9.37261
12.35,9.37242
12.366667,9.37211
12.383333,9.3719
12.4,9.37183
12.416667,9.37188
12.433333,9.37204
12.45,9.37223
12.466667,9.37237
12.483333,9.37262
12.5,9.37286
12.516667,9.37306
12.533333,9.3733
12.55,9.37343
12.566667,9.37353
12.583333,9.37372
12.6,9.37419
12.616667,9.37463
12.633333,9.37509
12.65,9.37515
12.666667,9.37486
12.683333,9.37442
12.7,9.37454
12.716667,9.37498
12.733333,9.37553
12.75,9.37607
12.766667,9.37637
12.783333,9.37661
12.8,9.37675
12.816667,9.37644
12.833333,9.37598
12.85,9.37561
12.866667,9.37541
12.883333,9.37577
12.9,9.37672
12.916667,9.37728
12.933333,9.37743
12.95,9.37774
12.966667,9.37831
12.983333,9.37924
13,9.37978
13.016667,9.37986
13.033333,9.37944
13.05,9.37869
13.066667,9.37852
13.083333,9.37783
13.1,9.37693
13.116667,9.37653
13.133333,9.37662
13.15,9.37658
13.166667,9.37642
13.183333,9.37651
13.2,9.37647
13.216667,9.37584
13.233333,9.37519
13.25,9.37481
13.266667,9.37544
13.283333,9.37598
13.3,9.37627
13.316667,9.3767
13.333333,9.37748
13.35,9.37775
13.366667,9.37793
13.383333,9.37802
13.4,9.3786
13.416667,9.37904
13.433333,9.37945
13.45,9.37887
13.466667,9.37785
13.483333,9.37731
13.5,9.37642
13.516667,9.37119
13.533333,9.3681
13.55,9.36276
13.566667,9.35436
13.583333,9.3454
13.6,9.33971
13.616667,9.33652
13.633333,9.33325
13.65,9.32999
13.666667,9.32427
13.683333,9.31871
13.7,9.31774
13.716667,9.31899
13.733333,9.32123
13.75,9.32437
13.766667,9.32753
13.783333,9.33158
13.8,9.3368
13.816667,9.34094
13.833333,9.34499
13.85,9.34875
13.866667,9.35476
13.883333,9.36072
13.9,9.36227
13.916667,9.36206
13.933333,9.3634
13.95,9.36455
13.966667,9.36563
13.983333,9.36656
14,9.36763
14.016667,9.36861
14.033333,9.36911
14.05,9.36937
14.066667,9.36979
14.083333,9.37046
14.1,9.37113
14.116667,9.37124
14.133333,9.37177
14.15,9.37233
14.166667,9.37272
14.183333,9.37305
14.2,9.37352
14.216667,9.37407
14.233333,9.37468
14.25,9.37513
14.266667,9.37521
14.283333,9.37581
14.3,9.3768
14.316667,9.37715
14.333333,9.37744
14.35,9.37809
14.366667,9.37898
14.383333,9.37986
14.4,9.37977
14.416667,9.37962
14.433333,9.38001
14.45,9.38046
14.466667,9.38021
14.483333,9.38021
14.5,9.38051
14.516667,9.38096
14.533333,9.3813
14.55,9.38157
14.566667,9.38168
14.583333,9.38124
14.6,9.38091
14.616667,9.38089
14.633333,9.38077
14.65,9.38066
14.666667,9.38055
14.683333,9.38048
14.7,9.38043
14.716667,9.38061
14.733333,9.38091
14.75,9.3805
14.766667,9.38029
14.783333,9.38009
14.8,9.38
14.816667,9.38012
14.833333,9.37997
14.85,9.37974
14.866667,9.37944
14.883333,9.37904
14.9,9.37866
14.916667,9.37856
14.933333,9.3784
14.95,9.37861
14.966667,9.37929
14.983333,9.37972
15,9.38014
15.016667,9.38051
15.033333,9.38109
15.05,9.38175
15.066667,9.38229
15.083333,9.38255
15.1,9.38288
15.116667,9.38317
15.133333,9.38314
15.15,9.38308
15.166667,9.38324
15.183333,9.38366
15.2,9.38427
15.216667,9.38502
15.233333,9.386
15.25,9.38695
15.266667,9.38742
15.283333,9.38801
15.3,9.38844
15.316667,9.38903
15.333333,9.39006
15.35,9.39237
15.366667,9.3938
15.383333,9.3958
15.4,9.39813
15.416667,9.39935
15.433333,9.40012
15.45,9.40092
15.466667,9.40139
15.483333,9.40225
15.5,9.40343
15.516667,9.40317
15.533333,9.40303
15.55,9.40171
15.566667,9.40084
15.583333,9.40033
15.6,9.39917
15.616667,9.39765
15.633333,9.39647
15.65,9.39509
15.666667,9.39283
15.683333,9.39152
15.7,9.39126
15.716667,9.39218
15.733333,9.39353
15.75,9.39337
15.766667,9.39273
15.783333,9.39313
15.8,9.39466
15.816667,9.39699
15.833333,9.39873
15.85,9.39894
15.866667,9.39849
15.883333,9.39824
15.9,9.39942
15.916667,9.40011
15.933333,9.39987
15.95,9.39883
15.966667,9.39684
15.983333,9.39538
16,9.39481
16.016667,9.39503
16.033333,9.39326
16.05,9.38808
16.066667,9.37914
16.083333,9.36922
16.1,9.35971
16.116667,9.35908
16.133333,9.36019
16.15,9.36097
16.166667,9.35695
16.183333,9.34977
16.2,9.34554
16.216667,9.34495
16.233333,9.34704
16.25,9.3487
16.266667,9.35205
16.283333,9.35717
16.3,9.3622
16.316667,9.36702
16.333333,9.37121
16.35,9.37502
16.366667,9.37828
16.383333,9.38071
16.4,9.38198
16.416667,9.38341
16.433333,9.38384
16.45,9.38384
16.466667,9.38398
16.483333,9.38481
16.5,9.38583
16.516667,9.3868
16.533333,9.3873
16.55,9.38785
16.566667,9.38817
16.583333,9.38832
16.6,9.38828
16.616667,9.38841
16.633333,9.38871
16.65,9.38908
16.666667,9.38928
16.683333,9.38956
16.7,9.38981
16.716667,9.3899
16.733333,9.39029
16.75,9.39057
16.766667,9.3906
16.783333,9.39038
16.8,9.39042
16.816667,9.39074
16.833333,9.39086
16.85,9.39059
16.866667,9.39022
16.883333,9.39009
16.9,9.38947
16.916667,9.38881
16.933333,9.38884
16.95,9.38971
16.966667,9.39263
16.983333,9.39441
17,9.39547
17.016667,9.39602
17.033333,9.39567
17.05,9.39453
17.066667,9.3948
17.083333,9.39499
17.1,9.39442
17.116667,9.39344
17.133333,9.39279
17.15,9.39183
17.166667,9.39098
17.183333,9.39102
17.2,9.39166
17.216667,9.39133
17.233333,9.39128
17.25,9.3911
17.266667,9.39114
17.283333,9.39163
17.3,9.39178
17.316667,9.39181
17.333333,9.39173
17.35,9.39243
17.366667,9.3934
17.383333,9.39461
17.4,9.39547
17.416667,9.39569
17.433333,9.39505
17.45,9.39534
17.466667,9.39652
17.483333,9.39628
17.5,9.3952
17.516667,9.39576
17.533333,9.39614
17.55,9.39625
17.566667,9.39597
17.583333,9.39529
17.6,9.39507
17.616667,9.39487
17.633333,9.39458
17.65,9.39383
17.666667,9.39317
17.683333,9.39297
17.7,9.39311
17.716667,9.39329
17.733333,9.3935
17.75,9.39329
17.766667,9.39291
17.783333,9.39269
17.8,9.39261
17.816667,9.39265
17.833333,9.39319
17.85,9.39412
17.866667,9.39504
17.883333,9.39562
17.9,9.39595
17.916667,9.39668
17.933333,9.39756
17.95,9.3983
17.966667,9.39931
17.983333,9.4005
18,9.40053
18.016667,9.3997
18.033333,9.40048
18.05,9.40134
18.066667,9.40066
18.083333,9.39882
18.1,9.39739
18.116667,9.39762
18.133333,9.39756
18.15,9.39728
18.166667,9.39717
18.183333,9.3972
18.2,9.39644
18.216667,9.39568
18.233333,9.39509
18.25,9.39494
18.266667,9.39521
18.283333,9.39477
18.3,9.39424
18.316667,9.39377
18.333333,9.39332
18.35,9.39359
18.366667,9.39394
18.383333,9.39401
18.4,9.39397
18.416667,9.39363
18.433333,9.39375
18.45,9.39454
18.466667,9.39566
18.483333,9.39646
18.5,9.39659
18.516667,9.39908
18.533333,9.40294
18.55,9.39524
18.566667,9.38367
18.583333,9.37148
18.6,9.36461
18.616667,9.36513
18.633333,9.36518
18.65,9.36532
18.666667,9.36272
18.683333,9.35736
18.7,9.35252
18.716667,9.35274
18.733333,9.35487
18.75,9.35618
18.766667,9.35958
18.783333,9.36438
18.8,9.37051
18.816667,9.374
18.833333,9.3811
18.85,9.39241
18.866667,9.39318
18.883333,9.39272
18.9,9.39217
18.916667,9.39298
18.933333,9.39376
18.95,9.39415
18.966667,9.39422
18.983333,9.39431
19,9.39447
19.016667,9.39404
19.033333,9.39359
19.05,9.39356
19.066667,9.39349
19.083333,9.39341
19.1,9.39367
19.116667,9.39356
19.133333,9.39302
19.15,9.39295
19.166667,9.39327
19.183333,9.39382
19.2,9.39402
19.216667,9.39418
19.233333,9.39425
19.25,9.39425
19.266667,9.39416
19.283333,9.39479
19.3,9.39528
19.316667,9.39599
19.333333,9.39672
19.35,9.39755
19.366667,9.39813
19.383333,9.39862
19.4,9.39945
19.416667,9.39995
19.433333,9.39968
19.45,9.3991
19.466667,9.39896
19.483333,9.39914
19.5,9.39956
19.516667,9.39966
19.533333,9.39884
19.55,9.3985
19.566667,9.39845
19.583333,9.3983
19.6,9.39835
19.616667,9.39851
19.633333,9.39868
19.65,9.39839
19.666667,9.39799
19.683333,9.3976
19.7,9.39746
19.716667,9.39768
19.733333,9.39785
19.75,9.39793
19.766667,9.39819
19.783333,9.39861
19.8,9.39871
19.816667,9.3989
19.833333,9.39908
19.85,9.39904
19.866667,9.39873
19.883333,9.39864
19.9,9.39931
19.916667,9.39965
19.933333,9.40285
19.95,9.4054
19.966667,9.4047
19.983333,9.40429
20,9.40457
20.016667,9.40379
20.033333,9.40295
20.05,9.40302
20.066667,9.40314
20.083333,9.40233
20.1,9.40172
20.116667,9.40065
20.133333,9.39974
20.15,9.3994
20.166667,9.39846
20.183333,9.39725
20.2,9.39669
20.216667,9.39634
20.233333,9.39634
20.25,9.39626
20.266667,9.3967
20.283333,9.39712
20.3,9.39729
20.316667,9.39772
20.333333,9.39759
20.35,9.39717
20.366667,9.39756
20.383333,9.39834
20.4,9.39875
20.416667,9.39851
20.433333,9.39855
20.45,9.39918
20.466667,9.39978
20.483333,9.40005
20.5,9.40041
20.516667,9.40092
20.533333,9.4008
20.55,9.40044
20.566667,9.40038
20.583333,9.40029
20.6,9.3996
20.616667,9.39946
20.633333,9.40001
20.65,9.40018
20.666667,9.39959
20.683333,9.39907
20.7,9.39823
20.716667,9.3979
20.733333,9.39824
20.75,9.3985
20.766667,9.3986
20.783333,9.39807
20.8,9.39795
20.816667,9.39828
20.833333,9.39842
20.85,9.39865
20.866667,9.39885
20.883333,9.39864
20.9,9.39864
20.916667,9.39903
20.933333,9.40013
20.95,9.40095
20.966667,9.40071
20.983333,9.39923
21,9.39769
21.016667,9.39847
21.033333,9.3977
21.05,9.39286
21.066667,9.3877
21.083333,9.37793
21.1,9.37072
21.116667,9.36847
21.133333,9.3701
21.15,9.36931
21.166667,9.36955
21.183333,9.36762
21.2,9.36241
21.216667,9.35963
21.233333,9.36054
21.25,9.36315
21.266667,9.3644
21.283333,9.36748
21.3,9.37212
21.316667,9.37612
21.333333,9.37915
21.35,9.38201
21.366667,9.38427
21.383333,9.38584
21.4,9.38788
21.416667,9.38943
21.433333,9.3902
21.45,9.3911
21.466667,9.39251
21.483333,9.39398
21.5,9.39536
21.516667,9.39649
21.533333,9.39756
21.55,9.39842
21.566667,9.39925
21.583333,9.39992
21.6,9.40054
21.616667,9.401
21.633333,9.40164
21.65,9.40211
21.666667,9.40227
21.683333,9.40212
21.7,9.40184
21.716667,9.40188
21.733333,9.40199
21.75,9.40212
21.766667,9.40238
21.783333,9.40223
21.8,9.40206
21.816667,9.40193
21.833333,9.40175
21.85,9.40144
21.866667,9.40101
21.883333,9.40056
21.9,9.40018
21.916667,9.39993
21.933333,9.4
21.95,9.40006
21.966667,9.40009
21.983333,9.40003
22,9.40024
22.016667,9.40046
22.033333,9.40074
22.05,9.40101
22.066667,9.40111
22.083333,9.40144
22.1,9.40196
22.116667,9.40206
22.133333,9.40225
22.15,9.40216
22.166667,9.40187
22.183333,9.40186
22.2,9.4019
22.216667,9.40209
22.233333,9.402
22.25,9.40169
22.266667,9.40128
22.283333,9.40106
22.3,9.40133
22.316667,9.40149
22.333333,9.40113
22.35,9.40092
22.366667,9.40053
22.383333,9.40029
22.4,9.40054
22.416667,9.40054
22.433333,9.40078
22.45,9.402
22.466667,9.40213
22.483333,9.40108
22.5,9.40023
22.516667,9.40082
22.533333,9.4005
22.55,9.39949
22.566667,9.39832
22.583333,9.39721
22.6,9.39641
22.616667,9.3957
22.633333,9.39487
22.65,9.39453
22.666667,9.39413
22.683333,9.39322
22.7,9.39289
22.716667,9.39225
22.733333,9.39178
22.75,9.39178
22.766667,9.39195
22.783333,9.39205
22.8,9.39265
22.816667,9.39324
22.833333,9.39346
22.85,9.39404
22.866667,9.39519
22.883333,9.39581
22.9,9.39626
22.916667,9.39799
22.933333,9.40018
22.95,9.40123
22.966667,9.40194
22.983333,9.40194
23,9.40215
23.016667,9.40243
23.033333,9.40274
23.05,9.4037
23.066667,9.40387
23.083333,9.40351
23.1,9.40336
23.116667,9.40319
23.133333,9.40298
23.15,9.40255
23.166667,9.40227
23.183333,9.40186
23.2,9.40168
23.216667,9.40202
23.233333,9.40207
23.25,9.4021
23.266667,9.40211
23.283333,9.40191
23.3,9.40158
23.316667,9.40119
23.333333,9.40131
23.35,9.40178
23.366667,9.40213
23.383333,9.40245
23.4,9.40271
23.416667,9.40315
23.433333,9.40357
23.45,9.4034
23.466667,9.40372
23.483333,9.40443
23.5,9.40523
23.516667,9.40509
23.533333,9.40543
23.55,9.40365
23.566667,9.39802
23.583333,9.39026
23.6,9.38206
23.616667,9.37854
23.633333,9.37944
23.65,9.37963
23.666667,9.3799
23.683333,9.38145
23.7,9.38283
23.716667,9.38381
23.733333,9.38484
23.75,9.38744
23.766667,9.39175
23.783333,9.39488
23.8,9.39857
23.816667,9.40244
23.833333,9.4057
23.85,9.40874
23.866667,9.40967
23.883333,9.40982
23.9,9.41042
23.916667,9.41005
23.933333,9.40921
23.95,9.40976
23.966667,9.40962
23.983333,9.40873
24,9.40837
24.016667,9.40752
24.033333,9.40627
24.05,9.40519
24.066667,9.40527
24.083333,9.40544
24.1,9.40493
24.116667,9.4039
24.133333,9.40358
24.15,9.40346
24.166667,9.40352
24.183333,9.40411
24.2,9.40457
24.216667,9.4053
24.233333,9.40581
24.25,9.40588
24.266667,9.40603
24.283333,9.40632
24.3,9.40688
24.316667,9.40732
24.333333,9.40739
24.35,9.40732
24.366667,9.40744
24.383333,9.40735
24.4,9.40685
24.416667,9.40661
24.433333,9.40642
24.45,9.40619
24.466667,9.40601
24.483333,9.40578
24.5,9.40516
24.516667,9.4048
24.533333,9.40473
24.55,9.40521
24.566667,9.406
24.583333,9.40665
24.6,9.40694
24.616667,9.40713
24.633333,9.40733
24.65,9.40733
24.666667,9.40733
24.683333,9.40749
24.7,9.40745
24.716667,9.40748
24.733333,9.40773
24.75,9.40783
24.766667,9.4082
24.783333,9.40842
24.8,9.4085
24.816667,9.40886
24.833333,9.40907
24.85,9.40813
24.866667,9.40742
24.883333,9.40683
24.9,9.40667
24.916667,9.40674
24.933333,9.40694
24.95,9.40839
24.966667,9.41064
24.983333,9.41576
25,9.42623
25.016667,9.42751
25.033333,9.42548
25.05,9.42487
25.066667,9.42523
25.083333,9.42518
25.1,9.42498
25.116667,9.42426
25.133333,9.42311
25.15,9.42234
25.166667,9.42169
25.183333,9.4212
25.2,9.42104
25.216667,9.42035
25.233333,9.41964
25.25,9.41917
25.266667,9.41821
25.283333,9.41719
25.3,9.41607
25.316667,9.41602
25.333333,9.41656
25.35,9.41598
25.366667,9.41406
25.383333,9.40868
25.4,9.39702
25.416667,9.38821
25.433333,9.38698
25.45,9.38719
25.466667,9.38805
25.483333,9.3891
25.5,9.39191
25.516667,9.39924
25.533333,9.40471
25.55,9.40492
25.566667,9.40247
25.583333,9.40277
25.6,9.40326
25.616667,9.40303
25.633333,9.40263
25.65,9.40237
25.666667,9.4028
25.683333,9.40388
25.7,9.40405
25.716667,9.40452
25.733333,9.40529
25.75,9.40522
25.766667,9.40572
25.783333,9.40661
25.8,9.40758
25.816667,9.4082
25.833333,9.40797
25.85,9.40734
25.866667,9.4065
25.883333,9.4064
25.9,9.40698
25.916667,9.40658
25.933333,9.40581
25.95,9.40516
25.966667,9.40339
25.983333,9.40149
26,9.39987
26.016667,9.39891
26.033333,9.3974
26.05,9.39567
26.066667,9.39143
26.083333,9.38892
26.1,9.38563
26.116667,9.38538
26.133333,9.39272
26.15,9.39963
26.166667,9.39952
26.183333,9.3912
26.2,9.38114
26.216667,9.37771
26.233333,9.38066
26.25,9.38352
26.266667,9.38611
26.283333,9.3886
26.3,9.39122
26.316667,9.3932
26.333333,9.39483
26.35,9.39733
26.366667,9.39922
26.383333,9.40022
26.4,9.40083
26.416667,9.40142
26.433333,9.40204
26.45,9.4028
26.466667,9.40373
26.483333,9.40458
26.5,9.40519
26.516667,9.40561
26.533333,9.40588
26.55,9.40618
26.566667,9.40633
26.583333,9.40649
26.6,9.40676
26.616667,9.40698
26.633333,9.40712
26.65,9.40725
26.666667,9.40739
26.683333,9.40743
26.7,9.4077
26.716667,9.40805
26.733333,9.40841
26.75,9.40864
26.766667,9.40887
26.783333,9.40923
26.8,9.4095
26.816667,9.40967
26.833333,9.41002
26.85,9.41052
26.866667,9.4106
26.883333,9.41035
26.9,9.41014
26.916667,9.41012
26.933333,9.40964
26.95,9.40918
26.966667,9.40925
26.983333,9.40933
27,9.40899
27.016667,9.40849
27.033333,9.4078
27.05,9.40684
27.066667,9.40639
27.083333,9.40601
27.1,9.40624
27.116667,9.40657
27.133333,9.406
27.15,9.40511
27.166667,9.40477
27.183333,9.40485
27.2,9.4054
27.216667,9.40651
27.233333,9.40778
27.25,9.40988
27.266667,9.41298
27.283333,9.41437
27.3,9.41494
27.316667,9.41574
27.333333,9.41654
27.35,9.41696
27.366667,9.41767
27.383333,9.41829
27.4,9.41888
27.416667,9.41954
27.433333,9.41981
27.45,9.41996
27.466667,9.41993
27.483333,9.42001
27.5,9.42002
27.516667,9.4194
27.533333,9.41906
27.55,9.4189
27.566667,9.41829
27.583333,9.41754
27.6,9.41722
27.616667,9.41679
27.633333,9.41581
27.65,9.41514
27.666667,9.41466
27.683333,9.4142
27.7,9.41386
27.716667,9.4134
27.733333,9.41299
27.75,9.41231
27.766667,9.41173
27.783333,9.41192
27.8,9.41221
27.816667,9.41239
27.833333,9.41269
27.85,9.4131
27.866667,9.4132
27.883333,9.41319
27.9,9.41345
27.916667,9.41394
27.933333,9.41426
27.95,9.41428
27.966667,9.41314
27.983333,9.41302
28,9.41304
28.016667,9.41296
28.033333,9.41199
28.05,9.40976
28.066667,9.40867
28.083333,9.40859
28.1,9.40932
28.116667,9.41033
28.133333,9.41094
28.15,9.41036
28.166667,9.41027
28.183333,9.41115
28.2,9.41164
28.216667,9.41178
28.233333,9.41166
28.25,9.4119
28.266667,9.41243
28.283333,9.41315
28.3,9.41392
28.316667,9.41383
28.333333,9.41379
28.35,9.41381
28.366667,9.41379
28.383333,9.41353
28.4,9.41304
28.416667,9.41233
28.433333,9.41196
28.45,9.41189
28.466667,9.41223
28.483333,9.41216
28.5,9.41154
28.516667,9.412
28.533333,9.41513
28.55,9.41685
28.566667,9.41659
28.583333,9.41365
28.6,9.40773
28.616667,9.40188
28.633333,9.40211
28.65,9.40159
28.666667,9.40096
28.683333,9.39547
28.7,9.38732
28.716667,9.38106
28.733333,9.38021
28.75,9.38347
28.766667,9.38565
28.783333,9.38892
28.8,9.39216
28.816667,9.39432
28.833333,9.39866
28.85,9.40762
28.866667,9.40964
28.883333,9.40996
28.9,9.40945
28.916667,9.40859
28.933333,9.40757
28.95,9.40743
28.966667,9.40775
28.983333,9.40852
29,9.40925
29.016667,9.40983
29.033333,9.40985
29.05,9.40978
29.066667,9.41004
29.083333,9.41083
29.1,9.41149
29.116667,9.41216
29.133333,9.41254
29.15,9.41273
29.166667,9.41355
29.183333,9.41421
29.2,9.41484
29.216667,9.41552
29.233333,9.41617
29.25,9.4166
29.266667,9.41676
29.283333,9.41665
29.3,9.41652
29.316667,9.41631
29.333333,9.41674
29.35,9.41724
29.366667,9.41752
29.383333,9.41766
29.4,9.41814
29.416667,9.41849
29.433333,9.41839
29.45,9.41838
29.466667,9.41803
29.483333,9.41794
29.5,9.41778
29.516667,9.41759
29.533333,9.41747
29.55,9.41753
29.566667,9.41763
29.583333,9.41762
29.6,9.4178
29.616667,9.41798
29.633333,9.41819
29.65,9.41813
29.666667,9.41773
29.683333,9.41709
29.7,9.41645
29.716667,9.41606
29.733333,9.41596
29.75,9.41586
29.766667,9.41576
29.783333,9.41541
29.8,9.41467
29.816667,9.41394
29.833333,9.41264
29.85,9.41197
29.866667,9.41299
29.883333,9.41453
29.9,9.41495
29.916667,9.41475
29.933333,9.41488
29.95,9.415
29.966667,9.4154
29.983333,9.41674
30,9.41703
30.016667,9.41696
30.033333,9.41667
30.05,9.41657
30.066667,9.41603
30.083333,9.41571
30.1,9.41592
30.116667,9.41619
30.133333,9.41593
30.15,9.41589
30.166667,9.41614
30.183333,9.4159
30.2,9.41562
30.216667,9.41543
30.233333,9.41585
30.25,9.41768
30.266667,9.41855
30.283333,9.41906
30.3,9.41953
30.316667,9.41946
30.333333,9.41881
30.35,9.41825
30.366667,9.41799
30.383333,9.41779
30.4,9.41821
30.416667,9.41774
30.433333,9.41758
30.45,9.41739
30.466667,9.41709
30.483333,9.41695
30.5,9.41673
30.516667,9.41648
30.533333,9.41635
30.55,9.41652
30.566667,9.4166
30.583333,9.4167
30.6,9.41694
30.616667,9.41724
30.633333,9.41743
30.65,9.4178
30.666667,9.41783
30.683333,9.41855
30.7,9.41966
30.716667,9.42148
30.733333,9.42088
30.75,9.41404
30.766667,9.41352
30.783333,9.41583
30.8,9.41705
30.816667,9.41761
30.833333,9.41836
30.85,9.41913
30.866667,9.41933
30.883333,9.41916
30.9,9.41965
30.916667,9.42047
30.933333,9.42056
30.95,9.42059
30.966667,9.4208
30.983333,9.4204
31,9.41893
31.016667,9.41752
31.033333,9.41759
31.05,9.41563
31.066667,9.40933
31.083333,9.4011
31.1,9.39231
31.116667,9.39072
31.133333,9.39406
31.15,9.39501
31.166667,9.39371
31.183333,9.39406
31.2,9.39418
31.216667,9.39163
31.233333,9.38864
31.25,9.39109
31.266667,9.40126
31.283333,9.40659
31.3,9.40818
31.316667,9.41095
31.333333,9.41194
31.35,9.41312
31.366667,9.41388
31.383333,9.41446
31.4,9.41444
31.416667,9.41457
31.433333,9.41478
31.45,9.41543
31.466667,9.41622
31.483333,9.41662
31.5,9.41686
31.516667,9.41719
31.533333,9.41754
31.55,9.41788
31.566667,9.41808
31.583333,9.41818
31.6,9.4181
31.616667,9.41799
31.633333,9.41788
31.65,9.41783
31.666667,9.41788
31.683333,9.41818
31.7,9.41851
31.716667,9.41889
31.733333,9.41929
31.75,9.41996
31.766667,9.42033
31.783333,9.42044
31.8,9.42061
31.816667,9.42087
31.833333,9.42112
31.85,9.42107
31.866667,9.42119
31.883333,9.42145
31.9,9.42167
31.916667,9.42143
31.933333,9.42132
31.95,9.42117
31.966667,9.42124
31.983333,9.42163
32,9.42161
32.016667,9.4209
32.033333,9.4201
32.05,9.41971
32.066667,9.41938
32.083333,9.41876
32.1,9.41828
32.116667,9.41842
32.133333,9.41855
32.15,9.41843
32.166667,9.41839
32.183333,9.41852
32.2,9.41881
32.216667,9.4192
32.233333,9.41931
32.25,9.41957
32.266667,9.41984
32.283333,9.42035
32.3,9.42093
32.316667,9.42134
32.333333,9.4221
32.35,9.42252
32.366667,9.42285
32.383333,9.42316
32.4,9.42343
32.416667,9.42373
32.433333,9.42421
32.45,9.42433
32.466667,9.424
32.483333,9.42429
32.5,9.42445
32.516667,9.42472
32.533333,9.42516
32.55,9.42488
32.566667,9.42409
32.583333,9.42451
32.6,9.42749
32.616667,9.43049
32.633333,9.43055
32.65,9.42913
32.666667,9.42821
32.683333,9.42813
32.7,9.42834
32.716667,9.42775
32.733333,9.42727
32.75,9.42687
32.766667,9.42661
32.783333,9.42616
32.8,9.42534
32.816667,9.42457
32.833333,9.42402
32.85,9.4236
32.866667,9.42333
32.883333,9.42335
32.9,9.42352
32.916667,9.42332
32.933333,9.42297
32.95,9.42308
32.966667,9.42286
32.983333,9.42267
33,9.42267
33.016667,9.42278
33.033333,9.42287
33.05,9.42291
33.066667,9.42277
33.083333,9.42287
33.1,9.42334
33.116667,9.42356
33.133333,9.42376
33.15,9.42398
33.166667,9.42419
33.183333,9.42428
33.2,9.42424
33.216667,9.42412
33.233333,9.42381
33.25,9.42359
33.266667,9.42357
33.283333,9.42378
33.3,9.42402
33.316667,9.42416
33.333333,9.42455
33.35,9.42488
33.366667,9.42483
33.383333,9.42479
33.4,9.42478
33.416667,9.42473
33.433333,9.42465
33.45,9.42486
33.466667,9.42576
33.483333,9.42688
33.5,9.42816
33.516667,9.42891
33.533333,9.42411
33.55,9.41985
33.566667,9.41222
33.583333,9.403
33.6,9.39267
33.616667,9.38695
33.633333,9.38829
33.65,9.39435
33.666667,9.40168
33.683333,9.40364
33.7,9.40061
33.716667,9.39818
33.733333,9.39568
33.75,9.39243
33.766667,9.39071
33.783333,9.39263
33.8,9.40176
33.816667,9.40985
33.833333,9.41175
33.85,9.41534
33.866667,9.41785
33.883333,9.41927
33.9,9.41946
33.916667,9.41945
33.933333,9.41942
33.95,9.41899
33.966667,9.41912
33.983333,9.41906
34,9.41954
34.016667,9.4202
34.033333,9.42058
34.05,9.42046
34.066667,9.42038
34.083333,9.42015
34.1,9.41968
34.116667,9.41962
34.133333,9.41961
34.15,9.41929
34.166667,9.41884
34.183333,9.41913
34.2,9.41947
34.216667,9.41995
34.233333,9.42059
34.25,9.42104
34.266667,9.42162
34.283333,9.42146
34.3,9.42103
34.316667,9.42157
34.333333,9.42174
34.35,9.42147
34.366667,9.42154
34.383333,9.42195
34.4,9.42275
34.416667,9.42353
34.433333,9.42362
34.45,9.42409
34.466667,9.42495
34.483333,9.42595
34.5,9.42622
34.516667,9.42619
34.533333,9.42591
34.55,9.42566
34.566667,9.426
34.583333,9.42666
34.6,9.42728
34.616667,9.42776
34.633333,9.4278
34.65,9.42682
34.666667,9.42614
34.683333,9.42514
34.7,9.42426
34.716667,9.42361
34.733333,9.42329
34.75,9.42157
34.766667,9.42073
34.783333,9.42054
34.8,9.42023
34.816667,9.41942
34.833333,9.41933
34.85,9.41978
34.866667,9.42153
34.883333,9.42922
34.9,9.43621
34.916667,9.43957
34.933333,9.43908
34.95,9.43302
34.966667,9.42664
34.983333,9.42764
35,9.42881
35.016667,9.42806
35.033333,9.42675
35.05,9.42558
35.066667,9.42479
35.083333,9.42453
35.1,9.42406
35.116667,9.42369
35.133333,9.42348
35.15,9.42332
35.166667,9.42289
35.183333,9.42267
35.2,9.42234
35.216667,9.42188
35.233333,9.42168
35.25,9.42163
35.266667,9.4217
35.283333,9.42212
35.3,9.4228
35.316667,9.42323
35.333333,9.42331
35.35,9.42362
35.366667,9.42417
35.383333,9.42466
35.4,9.42521
35.416667,9.42578
35.433333,9.42737
35.45,9.43043
35.466667,9.43032
35.483333,9.43133
35.5,9.42821
35.516667,9.4253
35.533333,9.42375
35.55,9.42315
35.566667,9.42302
35.583333,9.42387
35.6,9.42484
35.616667,9.42561
35.633333,9.42562
35.65,9.42625
35.666667,9.4278
35.683333,9.42892
35.7,9.42968
35.716667,9.43115
35.733333,9.4322
35.75,9.43183
35.766667,9.43229
35.783333,9.43249
35.8,9.43127
35.816667,9.43019
35.833333,9.42954
35.85,9.42893
35.866667,9.42851
35.883333,9.42794
35.9,9.42677
35.916667,9.42561
35.933333,9.42525
35.95,9.42509
35.966667,9.42499
35.983333,9.42477
36,9.42475
36.016667,9.42421
36.033333,9.42438
36.05,9.42472
36.066667,9.42129
36.083333,9.41071
36.1,9.40462
36.116667,9.40132
36.133333,9.40498
36.15,9.41968
36.166667,9.42674
36.183333,9.42346
36.2,9.41542
36.216667,9.4057
36.233333,9.40335
36.25,9.40094
36.266667,9.40144
36.283333,9.40134
36.3,9.40213
36.316667,9.40529
36.333333,9.41109
36.35,9.4167
36.366667,9.41779
36.383333,9.41826
36.4,9.41915
36.416667,9.42
36.433333,9.41988
36.45,9.41938
36.466667,9.41962
36.483333,9.4203
36.5,9.4206
36.516667,9.42097
36.533333,9.42149
36.55,9.42178
36.566667,9.42185
36.583333,9.4217
36.6,9.42181
36.616667,9.42226
36.633333,9.42266
36.65,9.42323
36.666667,9.42342
36.683333,9.42359
36.7,9.42384
36.716667,9.42408
36.733333,9.42453
36.75,9.42508
36.766667,9.42538
36.783333,9.42541
36.8,9.42537
36.816667,9.42544
36.833333,9.42564
36.85,9.426
36.866667,9.42613
36.883333,9.42621
36.9,9.42634
36.916667,9.42652
36.933333,9.42641
36.95,9.42646
36.966667,9.42647
36.983333,9.42649
37,9.42635
37.016667,9.42649
37.033333,9.42677
37.05,9.42665
37.066667,9.42651
37.083333,9.42611
37.1,9.42581
37.116667,9.42603
37.133333,9.42621
37.15,9.42653
37.166667,9.42634
37.183333,9.42639
37.2,9.42634
37.216667,9.42612
37.233333,9.42609
37.25,9.4266
37.266667,9.4276
37.283333,9.42991
37.3,9.43057
37.316667,9.42956
37.333333,9.42877
37.35,9.4291
37.366667,9.42923
37.383333,9.42891
37.4,9.42899
37.416667,9.42896
37.433333,9.42879
37.45,9.42853
37.466667,9.42816
37.483333,9.42768
37.5,9.42772
37.516667,9.4275
37.533333,9.42744
37.55,9.42742
37.566667,9.42734
37.583333,9.42716
37.6,9.42701
37.616667,9.42707
37.633333,9.42732
37.65,9.42776
37.666667,9.42788
37.683333,9.42771
37.7,9.42761
37.716667,9.42778
37.733333,9.42804
37.75,9.42788
37.766667,9.42772
37.783333,9.42777
37.8,9.42759
37.816667,9.42785
37.833333,9.4284
37.85,9.42895
37.866667,9.42971
37.883333,9.43019
37.9,9.43059
37.916667,9.43104
37.933333,9.43145
37.95,9.43133
37.966667,9.43105
37.983333,9.43077
38,9.4305
38.016667,9.43064
38.033333,9.43114
38.05,9.43144
38.066667,9.43123
38.083333,9.43124
38.1,9.43149
38.116667,9.43181
38.133333,9.43215
38.15,9.43229
38.166667,9.43238
38.183333,9.43223
38.2,9.43211
38.216667,9.43208
38.233333,9.43219
38.25,9.43219
38.266667,9.43238
38.283333,9.43252
38.3,9.43288
38.316667,9.43337
38.333333,9.43389
38.35,9.43432
38.366667,9.43441
38.383333,9.43464
38.4,9.43479
38.416667,9.43458
38.433333,9.43408
38.45,9.43384
38.466667,9.4341
38.483333,9.43513
38.5,9.43585
38.516667,9.43494
38.533333,9.43377
38.55,9.43111
38.566667,9.42281
38.583333,9.41308
38.6,9.40251
38.616667,9.40058
38.633333,9.40487
38.65,9.40746
38.666667,9.40744
38.683333,9.4066
38.7,9.4078
38.716667,9.40795
38.733333,9.40888
38.75,9.40816
38.766667,9.40851
38.783333,9.4122
38.8,9.41663
38.816667,9.42238
38.833333,9.42537
38.85,9.42626
38.866667,9.42583
38.883333,9.42614
38.9,9.42657
38.916667,9.42681
38.933333,9.42699
38.95,9.42773
38.966667,9.42817
38.983333,9.42856
39,9.42885
39.016667,9.42902
39.033333,9.42918
39.05,9.4293
39.066667,9.42948
39.083333,9.42992
39.1,9.43063
39.116667,9.43105
39.133333,9.43136
39.15,9.43152
39.166667,9.43167
39.183333,9.43193
39.2,9.43212
39.216667,9.43227
39.233333,9.43258
39.25,9.4326
39.266667,9.43232
39.283333,9.43224
39.3,9.43178
39.316667,9.43125
39.333333,9.4309
39.35,9.43067
39.366667,9.43033
39.383333,9.42995
39.4,9.42961
39.416667,9.42927
39.433333,9.42942
39.45,9.42953
39.466667,9.42974
39.483333,9.42985
39.5,9.4297
39.516667,9.42939
39.533333,9.42929
39.55,9.42966
39.566667,9.43062
39.583333,9.43173
39.6,9.43255
39.616667,9.43291
39.633333,9.43434
39.65,9.43561
39.666667,9.43524
39.683333,9.43448
39.7,9.43229
39.716667,9.42505
39.733333,9.4221
39.75,9.42308
39.766667,9.42381
39.783333,9.42454
39.8,9.42525
39.816667,9.42585
39.833333,9.42627
39.85,9.4266
39.866667,9.42705
39.883333,9.42752
39.9,9.42814
39.916667,9.42881
39.933333,9.42932
39.95,9.42969
39.966667,9.42993
39.983333,9.43034
40,9.43078
40.016667,9.43121
40.033333,9.43157
40.05,9.43173
40.066667,9.43188
40.083333,9.43214
40.1,9.43257
40.116667,9.43303
40.133333,9.43343
40.15,9.43376
40.166667,9.43407
40.183333,9.43433
40.2,9.43426
40.216667,9.43416
40.233333,9.43421
40.25,9.43425
40.266667,9.43408
40.283333,9.43332
40.3,9.43311
40.316667,9.43291
40.333333,9.43297
40.35,9.43249
40.366667,9.43204
40.383333,9.43235
40.4,9.43191
40.416667,9.43155
40.433333,9.43048
40.45,9.43016
40.466667,9.43022
40.483333,9.43186
40.5,9.43343
40.516667,9.4324
40.533333,9.42579
40.55,9.42205
40.566667,9.42475
40.583333,9.43764
40.6,9.44447
40.616667,9.44799
40.633333,9.44752
40.65,9.44421
40.666667,9.43756
40.683333,9.43215
40.7,9.42825
40.716667,9.42849
40.733333,9.42712
40.75,9.42704
40.766667,9.42711
40.783333,9.42633
40.8,9.42724
40.816667,9.43215
40.833333,9.43583
40.85,9.43637
40.866667,9.43482
40.883333,9.43336
40.9,9.43314
40.916667,9.43213
40.933333,9.43205
40.95,9.43139
40.966667,9.42988
40.983333,9.429
41,9.42986
41.016667,9.43099
41.033333,9.4298
41.05,9.42865
41.066667,9.42873
41.083333,9.42824
41.1,9.42355
41.116667,9.41354
41.133333,9.40693
41.15,9.40722
41.166667,9.41058
41.183333,9.41234
41.2,9.41554
41.216667,9.41451
41.233333,9.40777
41.25,9.40321
41.266667,9.40285
41.283333,9.40357
41.3,9.40445
41.316667,9.40709
41.333333,9.41187
41.35,9.421
41.366667,9.42569
41.383333,9.42861
41.4,9.42867
41.416667,9.42894
41.433333,9.43011
41.45,9.43045
41.466667,9.43046
41.483333,9.43078
41.5,9.43118
41.516667,9.43169
41.533333,9.43252
41.55,9.43291
41.566667,9.43339
41.583333,9.43397
41.6,9.43395
41.616667,9.43394
41.633333,9.43378
41.65,9.43363
41.666667,9.43374
41.683333,9.43282
41.7,9.43286
41.716667,9.43274
41.733333,9.4325
41.75,9.43256
41.766667,9.43182
41.783333,9.43098
41.8,9.43058
41.816667,9.43013
41.833333,9.42959
41.85,9.42903
41.866667,9.42864
41.883333,9.42907
41.9,9.42918
41.916667,9.42894
41.933333,9.42932
41.95,9.42886
41.966667,9.42841
41.983333,9.42918
42,9.42966
42.016667,9.42975
42.033333,9.43034
42.05,9.43047
42.066667,9.42935
42.083333,9.42827
42.1,9.42812
42.116667,9.42857
42.133333,9.4287
42.15,9.42878
42.166667,9.42925
42.183333,9.42927
42.2,9.42926
42.216667,9.42933
42.233333,9.42931
42.25,9.42884
42.266667,9.42917
42.283333,9.42962
42.3,9.43008
42.316667,9.43043
42.333333,9.43093
42.35,9.43115
42.366667,9.4312
42.383333,9.43133
42.4,9.43153
42.416667,9.43172
42.433333,9.43168
42.45,9.4313
42.466667,9.4311
42.483333,9.43118
42.5,9.4313
42.516667,9.43149
42.533333,9.43165
42.55,9.4318
42.566667,9.43173
42.583333,9.43167
42.6,9.43181
42.616667,9.43177
42.633333,9.43177
42.65,9.43206
42.666667,9.43254
42.683333,9.43297
42.7,9.43328
42.716667,9.4333
42.733333,9.43304
42.75,9.43299
42.766667,9.43359
42.783333,9.43401
42.8,9.43391
42.816667,9.43395
42.833333,9.43397
42.85,9.43445
42.866667,9.43376
42.883333,9.43182
42.9,9.42972
42.916667,9.42874
42.933333,9.428
42.95,9.42779
42.966667,9.42792
42.983333,9.42743
43,9.42721
43.016667,9.42618
43.033333,9.42554
43.05,9.42537
43.066667,9.42562
43.083333,9.42615
43.1,9.42646
43.116667,9.42671
43.133333,9.42692
43.15,9.42745
43.166667,9.42784
43.183333,9.42877
43.2,9.42973
43.216667,9.43034
43.233333,9.43047
43.25,9.43118
43.266667,9.43202
43.283333,9.43226
43.3,9.43248
43.316667,9.4329
43.333333,9.43301
43.35,9.43346
43.366667,9.434
43.383333,9.43415
43.4,9.43456
43.416667,9.43508
43.433333,9.43501
43.45,9.43456
43.466667,9.43439
43.483333,9.43459
43.5,9.43408
43.516667,9.43443
43.533333,9.43674
43.55,9.43948
43.566667,9.43794
43.583333,9.43639
43.6,9.43185
43.616667,9.42257
43.633333,9.42395
43.65,9.43205
43.666667,9.434
43.683333,9.43161
43.7,9.42398
43.716667,9.41449
43.733333,9.40254
43.75,9.39798
43.766667,9.39959
43.783333,9.40876
43.8,9.4166
43.816667,9.41961
43.833333,9.4226
43.85,9.42671
43.866667,9.43045
43.883333,9.43272
43.9,9.43354
43.916667,9.43379
43.933333,9.43453
43.95,9.43411
43.966667,9.43483
43.983333,9.4346
44,9.43429
44.016667,9.43396
44.033333,9.43284
44.05,9.43029
44.066667,9.42974
44.083333,9.42939
44.1,9.42962
44.116667,9.42963
44.133333,9.43023
44.15,9.43112
44.166667,9.43099
44.183333,9.43041
44.2,9.4306
44.216667,9.43142
44.233333,9.43199
44.25,9.43276
44.266667,9.43247
44.283333,9.43282
44.3,9.43361
44.316667,9.43445
44.333333,9.43387
44.35,9.43281
44.366667,9.43545
44.383333,9.43732
44.4,9.43763
44.416667,9.43737
44.433333,9.43271
44.45,9.42858
44.466667,9.426
44.483333,9.42417
44.5,9.42717
44.516667,9.43761
44.533333,9.44243
44.55,9.43931
44.566667,9.43678
44.583333,9.4348
44.6,9.43411
44.616667,9.43383
44.633333,9.43351
44.65,9.43353
44.666667,9.43347
44.683333,9.43437
44.7,9.43408
44.716667,9.43405
44.733333,9.43448
44.75,9.43557
44.766667,9.43622
44.783333,9.43749
44.8,9.43974
44.816667,9.44295
44.833333,9.44567
44.85,9.44921
44.866667,9.44945
44.883333,9.44389
44.9,9.43207
44.916667,9.42596
44.933333,9.42726
44.95,9.43033
44.966667,9.43379
44.983333,9.43771
45,9.43928
45.016667,9.44008
45.033333,9.44006
45.05,9.43997
45.066667,9.43985
45.083333,9.43971
45.1,9.43947
45.116667,9.43882
45.133333,9.43852
45.15,9.43855
45.166667,9.43858
45.183333,9.43806
45.2,9.43776
45.216667,9.43733
45.233333,9.43691
45.25,9.43656
45.266667,9.43652
45.283333,9.43612
45.3,9.43569
45.316667,9.43529
45.333333,9.43436
45.35,9.43342
45.366667,9.43309
45.383333,9.43237
45.4,9.4324
45.416667,9.43226
45.433333,9.43126
45.45,9.42957
45.466667,9.42816
45.483333,9.42658
45.5,9.42836
45.516667,9.43391
45.533333,9.43957
45.55,9.44205
45.566667,9.44373
45.583333,9.44143
45.6,9.43159
45.616667,9.42296
45.633333,9.4186
45.65,9.41653
45.666667,9.41567
45.683333,9.41571
45.7,9.42059
45.716667,9.43098
45.733333,9.43491
45.75,9.4345
45.766667,9.43213
45.783333,9.4316
45.8,9.43284
45.816667,9.43388
45.833333,9.43369
45.85,9.43496
45.866667,9.4363
45.883333,9.43645
45.9,9.43687
45.916667,9.43794
45.933333,9.43951
45.95,9.4408
45.966667,9.44138
45.983333,9.44127
46,9.44027
46.016667,9.44155
46.033333,9.4454
46.05,9.44899
46.066667,9.44523
46.083333,9.43332
46.1,9.41992
46.116667,9.40608
46.133333,9.40567
46.15,9.41855
46.166667,9.42584
46.183333,9.42448
46.2,9.4172
46.216667,9.40853
46.233333,9.40531
46.25,9.40739
46.266667,9.40948
46.283333,9.41202
46.3,9.41464
46.316667,9.42004
46.333333,9.42791
46.35,9.43249
46.366667,9.43355
46.383333,9.43385
46.4,9.43331
46.416667,9.43291
46.433333,9.43276
46.45,9.43289
46.466667,9.43329
46.483333,9.43356
46.5,9.43404
46.516667,9.43447
46.533333,9.43474
46.55,9.43493
46.566667,9.43512
46.583333,9.43508
46.6,9.435
46.616667,9.43516
46.633333,9.43576
46.65,9.43634
46.666667,9.43684
46.683333,9.43732
46.7,9.43753
46.716667,9.43786
46.733333,9.43783
46.75,9.43728
46.766667,9.43676
46.783333,9.4393
46.8,9.44261
46.816667,9.44254
46.833333,9.44229
46.85,9.44283
46.866667,9.44331
46.883333,9.44305
46.9,9.44236
46.916667,9.44134
46.933333,9.4412
46.95,9.44078
46.966667,9.44011
46.983333,9.43988
47,9.43946
47.016667,9.43814
47.033333,9.43616
47.05,9.43451
47.066667,9.4332
47.083333,9.43491
47.1,9.44303
47.116667,9.44874
47.133333,9.44891
47.15,9.4462
47.166667,9.44412
47.183333,9.44085
47.2,9.43803
47.216667,9.43166
47.233333,9.42914
47.25,9.43012
47.266667,9.43413
47.283333,9.43889
47.3,9.44291
47.316667,9.44326
47.333333,9.44178
47.35,9.44163
47.366667,9.43872
47.383333,9.43829
47.4,9.43769
47.416667,9.43663
47.433333,9.43596
47.45,9.43639
47.466667,9.43715
47.483333,9.43792
47.5,9.43763
47.516667,9.43799
47.533333,9.43832
47.55,9.4388
47.566667,9.43869
47.583333,9.43818
47.6,9.43761
47.616667,9.43777
47.633333,9.43841
47.65,9.43916
47.666667,9.43916
47.683333,9.4385
47.7,9.43716
47.716667,9.43528
47.733333,9.43304
47.75,9.43179
47.766667,9.43137
47.783333,9.43962
47.8,9.4487
47.816667,9.4493
47.833333,9.44928
47.85,9.44919
47.866667,9.4496
47.883333,9.44947
47.9,9.44951
47.916667,9.4496
47.933333,9.45002
47.95,9.44697
47.966667,9.44242
47.983333,9.43326
48,9.426
48.016667,9.425
48.033333,9.43198
48.05,9.44036
48.066667,9.44501
48.083333,9.44354
48.1,9.44247
48.116667,9.44118
48.133333,9.44028
48.15,9.43982
48.166667,9.4396
48.183333,9.43942
48.2,9.43934
48.216667,9.43949
48.233333,9.43931
48.25,9.43884
48.266667,9.43853
48.283333,9.43819
48.3,9.43779
48.316667,9.4376
48.333333,9.4375
48.35,9.43745
48.366667,9.43756
48.383333,9.43748
48.4,9.4374
48.416667,9.43781
48.433333,9.43869
48.45,9.4387
48.466667,9.43846
48.483333,9.43806
48.5,9.43885
48.516667,9.44036
48.533333,9.44243
