Calpeptin_400uM_in_N214A_24uM_28C_X,Calpeptin_400uM_in_N214A_24uM_28C_Y
0.083333,9.46464
0.1,9.46544
0.116667,9.46532
0.133333,9.46551
0.15,9.46554
0.166667,9.46575
0.183333,9.4662
0.2,9.46669
0.216667,9.46703
0.233333,9.46749
0.25,9.46818
0.266667,9.46884
0.283333,9.46967
0.3,9.46997
0.316667,9.47004
0.333333,9.46963
0.35,9.4694
0.366667,9.46943
0.383333,9.46909
0.4,9.46893
0.416667,9.46869
0.433333,9.46861
0.45,9.4687
0.466667,9.46895
0.483333,9.46911
0.5,9.46896
0.516667,9.46847
0.533333,9.46804
0.55,9.46802
0.566667,9.46823
0.583333,9.46823
0.6,9.46793
0.616667,9.46762
0.633333,9.46749
0.65,9.46734
0.666667,9.46751
0.683333,9.46781
0.7,9.46851
0.716667,9.4691
0.733333,9.4693
0.75,9.46932
0.766667,9.46921
0.783333,9.46906
0.8,9.46899
0.816667,9.46943
0.833333,9.46973
0.85,9.47012
0.866667,9.47125
0.883333,9.47123
0.9,9.47138
0.916667,9.47197
0.933333,9.47119
0.95,9.4702
0.966667,9.47115
0.983333,9.47052
1,9.46678
1.016667,9.46607
1.033333,9.46559
1.05,9.46244
1.066667,9.45851
1.083333,9.45514
1.1,9.45395
1.116667,9.45386
1.133333,9.45307
1.15,9.45308
1.166667,9.45357
1.183333,9.45446
1.2,9.45491
1.216667,9.45474
1.233333,9.45469
1.25,9.45485
1.266667,9.45513
1.283333,9.45569
1.3,9.45623
1.316667,9.45719
1.333333,9.45806
1.35,9.45873
1.366667,9.45935
1.383333,9.45962
1.4,9.45996
1.416667,9.46017
1.433333,9.46032
1.45,9.46049
1.466667,9.46025
1.483333,9.45984
1.5,9.45981
1.516667,9.45995
1.533333,9.45987
1.55,9.45957
1.566667,9.45932
1.583333,9.45921
1.6,9.45923
1.616667,9.45931
1.633333,9.459
1.65,9.45882
1.666667,9.45854
1.683333,9.45846
1.7,9.45856
1.716667,9.45864
1.733333,9.45867
1.75,9.45867
1.766667,9.45884
1.783333,9.45899
1.8,9.45936
1.816667,9.45978
1.833333,9.45985
1.85,9.45978
1.866667,9.45991
1.883333,9.46007
1.9,9.4601
1.916667,9.4601
1.933333,9.46009
1.95,9.4602
1.966667,9.46039
1.983333,9.46035
2,9.46028
2.016667,9.46047
2.033333,9.46064
2.05,9.46072
2.066667,9.46072
2.083333,9.46047
2.1,9.46006
2.116667,9.45972
2.133333,9.45931
2.15,9.45893
2.166667,9.45852
2.183333,9.45795
2.2,9.45778
2.216667,9.45753
2.233333,9.45771
2.25,9.45782
2.266667,9.45778
2.283333,9.45742
2.3,9.4571
2.316667,9.457
2.333333,9.45701
2.35,9.45682
2.366667,9.45669
2.383333,9.45645
2.4,9.45664
2.416667,9.4566
2.433333,9.45678
2.45,9.4573
2.466667,9.45774
2.483333,9.45794
2.5,9.45803
2.516667,9.45831
2.533333,9.45805
2.55,9.45774
2.566667,9.4576
2.583333,9.45771
2.6,9.45802
2.616667,9.45821
2.633333,9.45858
2.65,9.45866
2.666667,9.45873
2.683333,9.45868
2.7,9.45854
2.716667,9.45853
2.733333,9.45863
2.75,9.45865
2.766667,9.45822
2.783333,9.45772
2.8,9.45736
2.816667,9.45722
2.833333,9.45729
2.85,9.45742
2.866667,9.45761
2.883333,9.45781
2.9,9.45795
2.916667,9.45805
2.933333,9.45806
2.95,9.45815
2.966667,9.45823
2.983333,9.45832
3,9.45854
3.016667,9.45862
3.033333,9.4588
3.05,9.45908
3.066667,9.4595
3.083333,9.46001
3.1,9.46039
3.116667,9.46063
3.133333,9.46082
3.15,9.46099
3.166667,9.46106
3.183333,9.46121
3.2,9.46122
3.216667,9.46091
3.233333,9.46033
3.25,9.45995
3.266667,9.45962
3.283333,9.45913
3.3,9.45877
3.316667,9.4585
3.333333,9.45833
3.35,9.45829
3.366667,9.45789
3.383333,9.45707
3.4,9.45662
3.416667,9.45637
3.433333,9.45588
3.45,9.45594
3.466667,9.4567
3.483333,9.45816
3.5,9.46174
3.516667,9.46165
3.533333,9.45404
3.55,9.43936
3.566667,9.41128
3.583333,9.37438
3.6,9.33349
3.616667,9.29634
3.633333,9.26725
3.65,9.2492
3.666667,9.25659
3.683333,9.27828
3.7,9.30182
3.716667,9.32387
3.733333,9.341
3.75,9.35394
3.766667,9.36322
3.783333,9.37053
3.8,9.37661
3.816667,9.38006
3.833333,9.383
3.85,9.38606
3.866667,9.38994
3.883333,9.39367
3.9,9.39673
3.916667,9.39971
3.933333,9.40264
3.95,9.40529
3.966667,9.40817
3.983333,9.4107
4,9.41254
4.016667,9.41448
4.033333,9.41705
4.05,9.41866
4.066667,9.41989
4.083333,9.42171
4.1,9.42359
4.116667,9.42491
4.133333,9.42604
4.15,9.42707
4.166667,9.42799
4.183333,9.429
4.2,9.42999
4.216667,9.43033
4.233333,9.43041
4.25,9.43062
4.266667,9.43108
4.283333,9.43152
4.3,9.4317
4.316667,9.43196
4.333333,9.43246
4.35,9.43292
4.366667,9.43332
4.383333,9.43365
4.4,9.43357
4.416667,9.43302
4.433333,9.43274
4.45,9.43307
4.466667,9.43349
4.483333,9.43365
4.5,9.43395
4.516667,9.43423
4.533333,9.43438
4.55,9.43435
4.566667,9.43435
4.583333,9.43426
4.6,9.43384
4.616667,9.4342
4.633333,9.43413
4.65,9.43405
4.666667,9.43389
4.683333,9.43406
4.7,9.43475
4.716667,9.43457
4.733333,9.43391
4.75,9.4339
4.766667,9.43415
4.783333,9.43414
4.8,9.43418
4.816667,9.43433
4.833333,9.43444
4.85,9.4346
4.866667,9.43534
4.883333,9.43589
4.9,9.43618
4.916667,9.4364
4.933333,9.43681
4.95,9.43727
4.966667,9.43768
4.983333,9.43828
5,9.43918
5.016667,9.44
5.033333,9.44057
5.05,9.44113
5.066667,9.44177
5.083333,9.44255
5.1,9.44319
5.116667,9.44386
5.133333,9.44435
5.15,9.4445
5.166667,9.4445
5.183333,9.44464
5.2,9.44482
5.216667,9.44511
5.233333,9.4455
5.25,9.44596
5.266667,9.44631
5.283333,9.44658
5.3,9.44699
5.316667,9.44734
5.333333,9.44733
5.35,9.44716
5.366667,9.44713
5.383333,9.44718
5.4,9.4471
5.416667,9.44711
5.433333,9.44707
5.45,9.44706
5.466667,9.44725
5.483333,9.44718
5.5,9.44707
5.516667,9.44738
5.533333,9.44745
5.55,9.44744
5.566667,9.4475
5.583333,9.44753
5.6,9.44752
5.616667,9.44775
5.633333,9.44783
5.65,9.44749
5.666667,9.44736
5.683333,9.44747
5.7,9.4475
5.716667,9.44755
5.733333,9.44768
5.75,9.44779
5.766667,9.44798
5.783333,9.44824
5.8,9.44843
5.816667,9.44872
5.833333,9.44892
5.85,9.44903
5.866667,9.44921
5.883333,9.44913
5.9,9.44889
5.916667,9.4489
5.933333,9.44932
5.95,9.44934
5.966667,9.44879
5.983333,9.44842
6,9.44872
6.016667,9.44949
6.033333,9.44915
6.05,9.44076
6.066667,9.41972
6.083333,9.38628
6.1,9.34247
6.116667,9.29946
6.133333,9.26696
6.15,9.25433
6.166667,9.26117
6.183333,9.27768
6.2,9.29576
6.216667,9.31006
6.233333,9.33165
6.25,9.3399
6.266667,9.34727
6.283333,9.35758
6.3,9.36858
6.316667,9.37482
6.333333,9.37952
6.35,9.38391
6.366667,9.38787
6.383333,9.39112
6.4,9.39371
6.416667,9.39641
6.433333,9.39959
6.45,9.40245
6.466667,9.40525
6.483333,9.40771
6.5,9.40999
6.516667,9.41196
6.533333,9.41372
6.55,9.41525
6.566667,9.41653
6.583333,9.41792
6.6,9.41907
6.616667,9.42008
6.633333,9.42105
6.65,9.42213
6.666667,9.42314
6.683333,9.42413
6.7,9.42501
6.716667,9.4258
6.733333,9.42627
6.75,9.42656
6.766667,9.4268
6.783333,9.42723
6.8,9.42772
6.816667,9.42811
6.833333,9.4286
6.85,9.42905
6.866667,9.42932
6.883333,9.42979
6.9,9.43022
6.916667,9.43072
6.933333,9.43145
6.95,9.43212
6.966667,9.43259
6.983333,9.43292
7,9.43343
7.016667,9.43395
7.033333,9.43452
7.05,9.43518
7.066667,9.43598
7.083333,9.43677
7.1,9.43753
7.116667,9.43779
7.133333,9.43811
7.15,9.43852
7.166667,9.43892
7.183333,9.43938
7.2,9.43994
7.216667,9.44009
7.233333,9.44022
7.25,9.44039
7.266667,9.44034
7.283333,9.44036
7.3,9.44053
7.316667,9.44064
7.333333,9.44071
7.35,9.44049
7.366667,9.44005
7.383333,9.43984
7.4,9.43977
7.416667,9.43991
7.433333,9.44012
7.45,9.44032
7.466667,9.44035
7.483333,9.44059
7.5,9.44073
7.516667,9.44107
7.533333,9.4412
7.55,9.44153
7.566667,9.44197
7.583333,9.44244
7.6,9.44295
7.616667,9.44337
7.633333,9.44386
7.65,9.44458
7.666667,9.44524
7.683333,9.44583
7.7,9.44646
7.716667,9.4469
7.733333,9.4472
7.75,9.4475
7.766667,9.44777
7.783333,9.44802
7.8,9.4483
7.816667,9.44835
7.833333,9.44817
7.85,9.44826
7.866667,9.44868
7.883333,9.44922
7.9,9.4495
7.916667,9.44969
7.933333,9.44991
7.95,9.45012
7.966667,9.45018
7.983333,9.4504
8,9.45051
8.016667,9.45047
8.033333,9.45025
8.05,9.45026
8.066667,9.45036
8.083333,9.45042
8.1,9.45044
8.116667,9.45055
8.133333,9.45079
8.15,9.45105
8.166667,9.45122
8.183333,9.45129
8.2,9.45108
8.216667,9.4509
8.233333,9.45089
8.25,9.45086
8.266667,9.45088
8.283333,9.45091
8.3,9.45101
8.316667,9.45114
8.333333,9.45128
8.35,9.4514
8.366667,9.45117
8.383333,9.45105
8.4,9.45103
8.416667,9.45098
8.433333,9.4514
8.45,9.45192
8.466667,9.45148
8.483333,9.4508
8.5,9.44821
8.516667,9.44385
8.533333,9.44598
8.55,9.44907
8.566667,9.43654
8.583333,9.40537
8.6,9.36669
8.616667,9.32618
8.633333,9.29694
8.65,9.28103
8.666667,9.27883
8.683333,9.29234
8.7,9.31953
8.716667,9.34716
8.733333,9.36251
8.75,9.36675
8.766667,9.37424
8.783333,9.38474
8.8,9.39526
8.816667,9.40124
8.833333,9.40421
8.85,9.40676
8.866667,9.40888
8.883333,9.41079
8.9,9.41299
8.916667,9.41586
8.933333,9.41828
8.95,9.4204
8.966667,9.42226
8.983333,9.42413
9,9.42612
9.016667,9.4272
9.033333,9.42725
9.05,9.42801
9.066667,9.42932
9.083333,9.43071
9.1,9.43225
9.116667,9.43389
9.133333,9.43537
9.15,9.43672
9.166667,9.43776
9.183333,9.43799
9.2,9.43878
9.216667,9.43958
9.233333,9.44002
9.25,9.44026
9.266667,9.44074
9.283333,9.4411
9.3,9.44184
9.316667,9.44257
9.333333,9.44315
9.35,9.44359
9.366667,9.44394
9.383333,9.44412
9.4,9.44437
9.416667,9.44449
9.433333,9.44435
9.45,9.44414
9.466667,9.44391
9.483333,9.44368
9.5,9.44357
9.516667,9.44356
9.533333,9.44355
9.55,9.44355
9.566667,9.44372
9.583333,9.44419
9.6,9.44474
9.616667,9.44516
9.633333,9.44551
9.65,9.44569
9.666667,9.44593
9.683333,9.44623
9.7,9.4464
9.716667,9.44665
9.733333,9.44684
9.75,9.44692
9.766667,9.44693
9.783333,9.447
9.8,9.44723
9.816667,9.44741
9.833333,9.4478
9.85,9.44839
9.866667,9.44883
9.883333,9.44921
9.9,9.44944
9.916667,9.44938
9.933333,9.44946
9.95,9.44979
9.966667,9.45032
9.983333,9.4511
10,9.45208
10.016667,9.45271
10.033333,9.45276
10.05,9.45289
10.066667,9.45319
10.083333,9.45397
10.1,9.4549
10.116667,9.45527
10.133333,9.45501
10.15,9.45503
10.166667,9.45495
10.183333,9.45561
10.2,9.45671
10.216667,9.45689
10.233333,9.45749
10.25,9.45821
10.266667,9.4586
10.283333,9.45804
10.3,9.45849
10.316667,9.45923
10.333333,9.45946
10.35,9.46018
10.366667,9.46021
10.383333,9.46007
10.4,9.45997
10.416667,9.45983
10.433333,9.45987
10.45,9.45987
10.466667,9.4597
10.483333,9.45941
10.5,9.45923
10.516667,9.45952
10.533333,9.46005
10.55,9.46038
10.566667,9.46012
10.583333,9.4597
10.6,9.45927
10.616667,9.45899
10.633333,9.45877
10.65,9.45875
10.666667,9.45841
10.683333,9.45833
10.7,9.45833
10.716667,9.45816
10.733333,9.4585
10.75,9.45909
10.766667,9.45955
10.783333,9.45973
10.8,9.45975
10.816667,9.45953
10.833333,9.45919
10.85,9.45857
10.866667,9.45794
10.883333,9.45787
10.9,9.45848
10.916667,9.45922
10.933333,9.45982
10.95,9.45925
10.966667,9.45789
10.983333,9.45623
11,9.45632
11.016667,9.4554
11.033333,9.45023
11.05,9.44585
11.066667,9.43639
11.083333,9.413
11.1,9.38275
11.116667,9.3494
11.133333,9.32406
11.15,9.31058
11.166667,9.31395
11.183333,9.32683
11.2,9.34675
11.216667,9.3624
11.233333,9.37135
11.25,9.37984
11.266667,9.38836
11.283333,9.39715
11.3,9.40469
11.316667,9.40921
11.333333,9.41243
11.35,9.41512
11.366667,9.41781
11.383333,9.42078
11.4,9.42346
11.416667,9.4261
11.433333,9.42907
11.45,9.43161
11.466667,9.43403
11.483333,9.43576
11.5,9.43756
11.516667,9.43939
11.533333,9.44099
11.55,9.44241
11.566667,9.44399
11.583333,9.44526
11.6,9.44629
11.616667,9.44715
11.633333,9.44817
11.65,9.4488
11.666667,9.44917
11.683333,9.44999
11.7,9.45085
11.716667,9.45165
11.733333,9.45231
11.75,9.45274
11.766667,9.45291
11.783333,9.45337
11.8,9.45327
11.816667,9.45299
11.833333,9.45295
11.85,9.45323
11.866667,9.4535
11.883333,9.4534
11.9,9.45345
11.916667,9.45384
11.933333,9.45449
11.95,9.45478
11.966667,9.45501
11.983333,9.45543
12,9.45523
12.016667,9.45521
12.033333,9.45518
12.05,9.455
12.066667,9.45478
12.083333,9.45479
12.1,9.45512
12.116667,9.45565
12.133333,9.45597
12.15,9.45608
12.166667,9.45605
12.183333,9.45615
12.2,9.4565
12.216667,9.45692
12.233333,9.45722
12.25,9.45775
12.266667,9.45814
12.283333,9.45847
12.3,9.45877
12.316667,9.45902
12.333333,9.45919
12.35,9.45948
12.366667,9.45966
12.383333,9.45994
12.4,9.46034
12.416667,9.4608
12.433333,9.46107
12.45,9.46125
12.466667,9.46154
12.483333,9.46171
12.5,9.46203
12.516667,9.46221
12.533333,9.46236
12.55,9.4627
12.566667,9.46286
12.583333,9.46283
12.6,9.46289
12.616667,9.46295
12.633333,9.46302
12.65,9.46303
12.666667,9.4633
12.683333,9.46347
12.7,9.46348
12.716667,9.4635
12.733333,9.46358
12.75,9.46358
12.766667,9.46351
12.783333,9.4633
12.8,9.46309
12.816667,9.4631
12.833333,9.46299
12.85,9.46296
12.866667,9.46277
12.883333,9.46235
12.9,9.46198
12.916667,9.46171
12.933333,9.46147
12.95,9.46126
12.966667,9.46109
12.983333,9.4608
13,9.46042
13.016667,9.46032
13.033333,9.46067
13.05,9.46116
13.066667,9.46144
13.083333,9.4615
13.1,9.4615
13.116667,9.46164
13.133333,9.46176
13.15,9.46196
13.166667,9.46231
13.183333,9.46266
13.2,9.46199
13.216667,9.46189
13.233333,9.46277
13.25,9.46334
13.266667,9.46402
13.283333,9.4647
13.3,9.46557
13.316667,9.46595
13.333333,9.46533
13.35,9.4654
13.366667,9.46525
13.383333,9.46503
13.4,9.46555
13.416667,9.46703
13.433333,9.46806
13.45,9.4675
13.466667,9.46674
13.483333,9.4653
13.5,9.46377
13.516667,9.46313
13.533333,9.46179
13.55,9.45872
13.566667,9.44513
13.583333,9.42166
13.6,9.39364
13.616667,9.36388
13.633333,9.34195
13.65,9.33579
13.666667,9.34252
13.683333,9.3584
13.7,9.38338
13.716667,9.40571
13.733333,9.41904
13.75,9.42287
13.766667,9.42458
13.783333,9.42585
13.8,9.42692
13.816667,9.42726
13.833333,9.42732
13.85,9.42823
13.866667,9.42977
13.883333,9.43135
13.9,9.43277
13.916667,9.43442
13.933333,9.43656
13.95,9.43857
13.966667,9.44038
13.983333,9.44228
14,9.44374
14.016667,9.44535
14.033333,9.44779
14.05,9.45049
14.066667,9.45112
14.083333,9.45133
14.1,9.45143
14.116667,9.4516
14.133333,9.453
14.15,9.45441
14.166667,9.45591
14.183333,9.45721
14.2,9.45825
14.216667,9.45845
14.233333,9.45802
14.25,9.45789
14.266667,9.4587
14.283333,9.45993
14.3,9.46097
14.316667,9.45976
14.333333,9.45805
14.35,9.45762
14.366667,9.45868
14.383333,9.45986
14.4,9.46103
14.416667,9.46098
14.433333,9.45942
14.45,9.45787
14.466667,9.45841
14.483333,9.45986
14.5,9.46076
14.516667,9.46081
14.533333,9.46067
14.55,9.46069
14.566667,9.46066
14.583333,9.46101
14.6,9.46177
14.616667,9.46278
14.633333,9.46358
14.65,9.46375
14.666667,9.46366
14.683333,9.46387
14.7,9.46429
14.716667,9.46455
14.733333,9.4648
14.75,9.46487
14.766667,9.46507
14.783333,9.46557
14.8,9.46603
14.816667,9.46659
14.833333,9.46711
14.85,9.46761
14.866667,9.46796
14.883333,9.46857
14.9,9.46907
14.916667,9.46967
14.933333,9.47029
14.95,9.47052
14.966667,9.47046
14.983333,9.47046
15,9.47043
15.016667,9.47
15.033333,9.46963
15.05,9.46956
15.066667,9.46925
15.083333,9.46924
15.1,9.46917
15.116667,9.46881
15.133333,9.46869
15.15,9.46848
15.166667,9.46822
15.183333,9.46792
15.2,9.46743
15.216667,9.46672
15.233333,9.46614
15.25,9.46518
15.266667,9.46493
15.283333,9.46466
15.3,9.46453
15.316667,9.46478
15.333333,9.46501
15.35,9.46518
15.366667,9.465
15.383333,9.46578
15.4,9.46684
15.416667,9.46752
15.433333,9.46791
15.45,9.46813
15.466667,9.46839
15.483333,9.46875
15.5,9.46908
15.516667,9.4698
15.533333,9.47123
15.55,9.47157
15.566667,9.4711
15.583333,9.47066
15.6,9.47051
15.616667,9.47053
15.633333,9.47072
15.65,9.47096
15.666667,9.47134
15.683333,9.47172
15.7,9.47163
15.716667,9.47144
15.733333,9.4711
15.75,9.47085
15.766667,9.47063
15.783333,9.47036
15.8,9.47012
15.816667,9.4704
15.833333,9.47117
15.85,9.47132
15.866667,9.47161
15.883333,9.47234
15.9,9.47353
15.916667,9.47398
15.933333,9.47313
15.95,9.47252
15.966667,9.4734
15.983333,9.47454
16,9.47265
16.016667,9.47391
16.033333,9.47617
16.05,9.47369
16.066667,9.46047
16.083333,9.43679
16.1,9.41174
16.116667,9.38926
16.133333,9.37596
16.15,9.37694
16.166667,9.38114
16.183333,9.38787
16.2,9.40447
16.216667,9.42599
16.233333,9.43453
16.25,9.43995
16.266667,9.44351
16.283333,9.44458
16.3,9.44515
16.316667,9.4454
16.333333,9.44598
16.35,9.44703
16.366667,9.44835
16.383333,9.44993
16.4,9.45136
16.416667,9.45275
16.433333,9.45444
16.45,9.45584
16.466667,9.45667
16.483333,9.4578
16.5,9.45886
16.516667,9.45997
16.533333,9.46117
16.55,9.46249
16.566667,9.46391
16.583333,9.46443
16.6,9.46487
16.616667,9.46553
16.633333,9.4663
16.65,9.46735
16.666667,9.46794
16.683333,9.46796
16.7,9.46776
16.716667,9.46778
16.733333,9.46745
16.75,9.46703
16.766667,9.46673
16.783333,9.46669
16.8,9.46673
16.816667,9.46697
16.833333,9.46704
16.85,9.46672
16.866667,9.46684
16.883333,9.46721
16.9,9.46751
16.916667,9.46752
16.933333,9.46737
16.95,9.46722
16.966667,9.46727
16.983333,9.46756
17,9.46772
17.016667,9.4678
17.033333,9.46809
17.05,9.4685
17.066667,9.46922
17.083333,9.46978
17.1,9.47009
17.116667,9.4702
17.133333,9.47022
17.15,9.47034
17.166667,9.47057
17.183333,9.47088
17.2,9.47087
17.216667,9.47122
17.233333,9.47181
17.25,9.47218
17.266667,9.47266
17.283333,9.47312
17.3,9.47347
17.316667,9.47373
17.333333,9.47407
17.35,9.47438
17.366667,9.47427
17.383333,9.47408
17.4,9.47386
17.416667,9.47384
17.433333,9.47393
17.45,9.47404
17.466667,9.47422
17.483333,9.47424
17.5,9.47407
17.516667,9.47368
17.533333,9.47337
17.55,9.47299
17.566667,9.47278
17.583333,9.47293
17.6,9.4732
17.616667,9.47366
17.633333,9.47391
17.65,9.47392
17.666667,9.47385
17.683333,9.47382
17.7,9.47396
17.716667,9.47407
17.733333,9.47419
17.75,9.47404
17.766667,9.47406
17.783333,9.47397
17.8,9.47401
17.816667,9.47415
17.833333,9.4744
17.85,9.4746
17.866667,9.4749
17.883333,9.47505
17.9,9.47511
17.916667,9.47498
17.933333,9.47485
17.95,9.47462
17.966667,9.47436
17.983333,9.47443
18,9.47468
18.016667,9.47491
18.033333,9.47483
18.05,9.47466
18.066667,9.47458
18.083333,9.47468
18.1,9.47478
18.116667,9.47495
18.133333,9.47509
18.15,9.47532
18.166667,9.47544
18.183333,9.47549
18.2,9.47562
18.216667,9.47544
18.233333,9.47498
18.25,9.47482
18.266667,9.47474
18.283333,9.47459
18.3,9.47441
18.316667,9.47399
18.333333,9.4735
18.35,9.47323
18.366667,9.47335
18.383333,9.47361
18.4,9.47346
18.416667,9.47283
18.433333,9.47205
18.45,9.4724
18.466667,9.47242
18.483333,9.47171
18.5,9.47183
18.516667,9.47388
18.533333,9.47501
18.55,9.47492
18.566667,9.47329
18.583333,9.46126
18.6,9.44248
18.616667,9.41815
18.633333,9.39454
18.65,9.39284
18.666667,9.4053
18.683333,9.41949
18.7,9.43043
18.716667,9.43741
18.733333,9.44287
18.75,9.4463
18.766667,9.44894
18.783333,9.45031
18.8,9.45154
18.816667,9.45328
18.833333,9.45548
18.85,9.45798
18.866667,9.46044
18.883333,9.46192
18.9,9.46335
18.916667,9.46469
18.933333,9.46598
18.95,9.46731
18.966667,9.46847
18.983333,9.46934
19,9.46999
19.016667,9.4711
19.033333,9.47239
19.05,9.4731
19.066667,9.47406
19.083333,9.47471
19.1,9.47507
19.116667,9.4752
19.133333,9.47526
19.15,9.47538
19.166667,9.47532
19.183333,9.47552
19.2,9.47566
19.216667,9.47566
19.233333,9.47563
19.25,9.47547
19.266667,9.47543
19.283333,9.47545
19.3,9.47556
19.316667,9.47567
19.333333,9.47562
19.35,9.47536
19.366667,9.47521
19.383333,9.47537
19.4,9.4757
19.416667,9.47612
19.433333,9.47691
19.45,9.47771
19.466667,9.47819
19.483333,9.4784
19.5,9.47855
19.516667,9.47895
19.533333,9.47909
19.55,9.47884
19.566667,9.47802
19.583333,9.47778
19.6,9.47776
19.616667,9.47776
19.633333,9.47779
19.65,9.47731
19.666667,9.47689
19.683333,9.47688
19.7,9.47689
19.716667,9.47656
19.733333,9.47663
19.75,9.47651
19.766667,9.47625
19.783333,9.47576
19.8,9.47559
19.816667,9.47526
19.833333,9.47493
19.85,9.47474
19.866667,9.47505
19.883333,9.47521
19.9,9.47537
19.916667,9.47562
19.933333,9.4757
19.95,9.47612
19.966667,9.4767
19.983333,9.47686
20,9.47658
20.016667,9.47661
20.033333,9.4769
20.05,9.47718
20.066667,9.47731
20.083333,9.47722
20.1,9.47716
20.116667,9.47704
20.133333,9.47736
20.15,9.4778
20.166667,9.47812
20.183333,9.47843
20.2,9.47882
20.216667,9.47923
20.233333,9.47945
20.25,9.47945
20.266667,9.47936
20.283333,9.47934
20.3,9.47956
20.316667,9.47983
20.333333,9.48012
20.35,9.48027
20.366667,9.48024
20.383333,9.48024
20.4,9.48018
20.416667,9.48003
20.433333,9.4798
20.45,9.47971
20.466667,9.47953
20.483333,9.47938
20.5,9.47951
20.516667,9.47959
20.533333,9.47958
20.55,9.4797
20.566667,9.47986
20.583333,9.47994
20.6,9.47999
20.616667,9.48017
20.633333,9.4803
20.65,9.48032
20.666667,9.48025
20.683333,9.48022
20.7,9.48019
20.716667,9.47998
20.733333,9.4797
20.75,9.47969
20.766667,9.47987
20.783333,9.48005
20.8,9.48022
20.816667,9.48044
20.833333,9.48058
20.85,9.48074
20.866667,9.48067
20.883333,9.48037
20.9,9.48051
20.916667,9.48059
20.933333,9.48081
20.95,9.48097
20.966667,9.48191
20.983333,9.48289
21,9.48464
21.016667,9.48596
21.033333,9.48301
21.05,9.47724
21.066667,9.47042
21.083333,9.46057
21.1,9.44085
21.116667,9.42442
21.133333,9.41526
21.15,9.41823
21.166667,9.42565
21.183333,9.43309
21.2,9.4392
21.216667,9.444
21.233333,9.44844
21.25,9.45231
21.266667,9.45497
21.283333,9.45699
21.3,9.46021
21.316667,9.46227
21.333333,9.46475
21.35,9.46721
21.366667,9.46953
21.383333,9.47132
21.4,9.47252
21.416667,9.4736
21.433333,9.47467
21.45,9.47574
21.466667,9.47633
21.483333,9.47689
21.5,9.47714
21.516667,9.47725
21.533333,9.4771
21.55,9.47732
21.566667,9.47737
21.583333,9.47756
21.6,9.47796
21.616667,9.47835
21.633333,9.47867
21.65,9.47874
21.666667,9.47857
21.683333,9.47834
21.7,9.47789
21.716667,9.47743
21.733333,9.47716
21.75,9.47685
21.766667,9.47658
21.783333,9.47644
21.8,9.47648
21.816667,9.47629
21.833333,9.47624
21.85,9.47646
21.866667,9.47679
21.883333,9.47719
21.9,9.47766
21.916667,9.47776
21.933333,9.47791
21.95,9.4775
21.966667,9.47726
21.983333,9.47706
22,9.47732
22.016667,9.47766
22.033333,9.47803
22.05,9.47883
22.066667,9.47954
22.083333,9.47992
22.1,9.48063
22.116667,9.48124
22.133333,9.48189
22.15,9.48221
22.166667,9.48204
22.183333,9.48199
22.2,9.48206
22.216667,9.48225
22.233333,9.48234
22.25,9.48252
22.266667,9.48284
22.283333,9.48347
22.3,9.48414
22.316667,9.48447
22.333333,9.48462
22.35,9.48467
22.366667,9.48468
22.383333,9.48458
22.4,9.48435
22.416667,9.4841
22.433333,9.48405
22.45,9.4843
22.466667,9.48463
22.483333,9.48514
22.5,9.48548
22.516667,9.48555
22.533333,9.48526
22.55,9.48495
22.566667,9.48472
22.583333,9.48437
22.6,9.48398
22.616667,9.48369
22.633333,9.48362
22.65,9.48366
22.666667,9.48377
22.683333,9.48387
22.7,9.4838
22.716667,9.48385
22.733333,9.4838
22.75,9.48382
22.766667,9.48361
22.783333,9.48336
22.8,9.48302
22.816667,9.48263
22.833333,9.48269
22.85,9.48312
22.866667,9.48363
22.883333,9.48383
22.9,9.48396
22.916667,9.4842
22.933333,9.48421
22.95,9.48403
22.966667,9.48383
22.983333,9.48379
23,9.48378
23.016667,9.4837
23.033333,9.48402
23.05,9.484
23.066667,9.48376
23.083333,9.48355
23.1,9.48343
23.116667,9.48319
23.133333,9.483
23.15,9.48288
23.166667,9.48244
23.183333,9.48214
23.2,9.48218
23.216667,9.48234
23.233333,9.48274
23.25,9.48362
23.266667,9.48362
23.283333,9.4834
23.3,9.48314
23.316667,9.48306
23.333333,9.48274
23.35,9.48215
23.366667,9.48206
23.383333,9.48204
23.4,9.48223
23.416667,9.48254
23.433333,9.48248
23.45,9.48084
23.466667,9.47826
23.483333,9.4768
23.5,9.47687
23.516667,9.4763
23.533333,9.47618
23.55,9.47421
23.566667,9.4702
23.583333,9.46041
23.6,9.44165
23.616667,9.42425
23.633333,9.41469
23.65,9.41823
23.666667,9.43225
23.683333,9.44468
23.7,9.45533
23.716667,9.46001
23.733333,9.46248
23.75,9.4644
23.766667,9.46702
23.783333,9.46808
23.8,9.46812
23.816667,9.46869
23.833333,9.4702
23.85,9.47113
23.866667,9.47193
23.883333,9.47268
23.9,9.47328
23.916667,9.47357
23.933333,9.47403
23.95,9.47458
23.966667,9.47516
23.983333,9.47575
24,9.476
24.016667,9.47591
24.033333,9.47586
24.05,9.4761
24.066667,9.47659
24.083333,9.477
24.1,9.47694
24.116667,9.47724
24.133333,9.47733
24.15,9.47756
24.166667,9.47765
24.183333,9.4778
24.2,9.47804
24.216667,9.47797
24.233333,9.47786
24.25,9.47785
24.266667,9.47789
24.283333,9.47797
24.3,9.4782
24.316667,9.47831
24.333333,9.47819
24.35,9.47828
24.366667,9.47861
24.383333,9.47901
24.4,9.47923
24.416667,9.47956
24.433333,9.47983
24.45,9.47983
24.466667,9.48042
24.483333,9.48108
24.5,9.48117
24.516667,9.4819
24.533333,9.48234
24.55,9.4833
24.566667,9.48398
24.583333,9.48386
24.6,9.48405
24.616667,9.48469
24.633333,9.48423
24.65,9.48417
24.666667,9.48485
24.683333,9.48512
24.7,9.48469
24.716667,9.48508
24.733333,9.4854
24.75,9.4847
24.766667,9.4839
24.783333,9.48283
24.8,9.4823
24.816667,9.48175
24.833333,9.48122
24.85,9.48074
24.866667,9.48066
24.883333,9.4809
24.9,9.48104
24.916667,9.48142
24.933333,9.48097
24.95,9.48112
24.966667,9.48057
24.983333,9.47967
25,9.47914
25.016667,9.47923
25.033333,9.47944
25.05,9.47981
25.066667,9.48042
25.083333,9.48122
25.1,9.48189
25.116667,9.48232
25.133333,9.48253
25.15,9.48258
25.166667,9.48282
25.183333,9.48294
25.2,9.48309
25.216667,9.48352
25.233333,9.4837
25.25,9.48354
25.266667,9.48348
25.283333,9.48368
25.3,9.4842
25.316667,9.48458
25.333333,9.48461
25.35,9.48446
25.366667,9.4842
25.383333,9.48395
25.4,9.48382
25.416667,9.48352
25.433333,9.48318
25.45,9.48272
25.466667,9.48234
25.483333,9.48207
25.5,9.48154
25.516667,9.48062
25.533333,9.48021
25.55,9.48014
25.566667,9.48053
25.583333,9.48056
25.6,9.48093
25.616667,9.48107
25.633333,9.48119
25.65,9.48148
25.666667,9.48172
25.683333,9.48167
25.7,9.4826
25.716667,9.48299
25.733333,9.48295
25.75,9.48285
25.766667,9.48315
25.783333,9.48366
25.8,9.48477
25.816667,9.48544
25.833333,9.48616
25.85,9.48645
25.866667,9.48644
25.883333,9.48616
25.9,9.48575
25.916667,9.48515
25.933333,9.48436
25.95,9.48445
25.966667,9.48516
25.983333,9.4863
26,9.4866
26.016667,9.48346
26.033333,9.48038
26.05,9.47706
26.066667,9.47182
26.083333,9.46175
26.1,9.44436
26.116667,9.4247
26.133333,9.41516
26.15,9.41868
26.166667,9.43255
26.183333,9.4524
26.2,9.46559
26.216667,9.46988
26.233333,9.47064
26.25,9.47032
26.266667,9.47083
26.283333,9.47124
26.3,9.47171
26.316667,9.47251
26.333333,9.47411
26.35,9.47599
26.366667,9.47726
26.383333,9.47792
26.4,9.47839
26.416667,9.47927
26.433333,9.48044
26.45,9.48081
26.466667,9.4814
26.483333,9.48248
26.5,9.48378
26.516667,9.48484
26.533333,9.48597
26.55,9.48583
26.566667,9.48503
26.583333,9.48518
26.6,9.48577
26.616667,9.48572
26.633333,9.48491
26.65,9.48481
26.666667,9.48512
26.683333,9.48575
26.7,9.48659
26.716667,9.48775
26.733333,9.48815
26.75,9.48766
26.766667,9.48729
26.783333,9.48705
26.8,9.48659
26.816667,9.48684
26.833333,9.48757
26.85,9.48821
26.866667,9.48766
26.883333,9.48712
26.9,9.48668
26.916667,9.48642
26.933333,9.48634
26.95,9.48639
26.966667,9.48631
26.983333,9.4858
27,9.48504
27.016667,9.48451
27.033333,9.48439
27.05,9.48464
27.066667,9.48484
27.083333,9.48452
27.1,9.48437
27.116667,9.48416
27.133333,9.48419
27.15,9.48427
27.166667,9.48415
27.183333,9.48403
27.2,9.48419
27.216667,9.48386
27.233333,9.48342
27.25,9.48284
27.266667,9.48351
27.283333,9.48383
27.3,9.48396
27.316667,9.48375
27.333333,9.48344
27.35,9.48421
27.366667,9.48531
27.383333,9.48602
27.4,9.48616
27.416667,9.48633
27.433333,9.4866
27.45,9.48673
27.466667,9.48684
27.483333,9.48731
27.5,9.48808
27.516667,9.48876
27.533333,9.48891
27.55,9.48929
27.566667,9.4893
27.583333,9.48947
27.6,9.48931
27.616667,9.4893
27.633333,9.48922
27.65,9.48888
27.666667,9.48825
27.683333,9.48801
27.7,9.48771
27.716667,9.48792
27.733333,9.48855
27.75,9.48857
27.766667,9.48795
27.783333,9.48782
27.8,9.48783
27.816667,9.48766
27.833333,9.48751
27.85,9.48713
27.866667,9.48715
27.883333,9.48739
27.9,9.48747
27.916667,9.48782
27.933333,9.48847
27.95,9.48814
27.966667,9.48776
27.983333,9.48771
28,9.48741
28.016667,9.48695
28.033333,9.48666
28.05,9.48641
28.066667,9.48677
28.083333,9.48618
28.1,9.48593
28.116667,9.48604
28.133333,9.48595
28.15,9.48554
28.166667,9.4849
28.183333,9.48413
28.2,9.48467
28.216667,9.48524
28.233333,9.48503
28.25,9.48491
28.266667,9.4849
28.283333,9.48511
28.3,9.48534
28.316667,9.48639
28.333333,9.48738
28.35,9.48835
28.366667,9.48876
28.383333,9.489
28.4,9.48907
28.416667,9.48929
28.433333,9.48987
28.45,9.48949
28.466667,9.48869
28.483333,9.48988
28.5,9.49003
28.516667,9.48938
28.533333,9.48998
28.55,9.48767
28.566667,9.48291
28.583333,9.47595
28.6,9.45829
28.616667,9.4378
28.633333,9.42253
28.65,9.42123
28.666667,9.43844
28.683333,9.45866
28.7,9.47545
28.716667,9.48446
28.733333,9.48451
28.75,9.48343
28.766667,9.48546
28.783333,9.48546
28.8,9.4852
28.816667,9.48568
28.833333,9.48577
28.85,9.48582
28.866667,9.48605
28.883333,9.48652
28.9,9.48695
28.916667,9.48738
28.933333,9.48799
28.95,9.48897
28.966667,9.48962
28.983333,9.48955
29,9.48927
29.016667,9.48936
29.033333,9.48987
29.05,9.49044
29.066667,9.49087
29.083333,9.4912
29.1,9.49183
29.116667,9.4924
29.133333,9.49276
29.15,9.49258
29.166667,9.49259
29.183333,9.49237
29.2,9.49241
29.216667,9.49258
29.233333,9.49242
29.25,9.49198
29.266667,9.49209
29.283333,9.49186
29.3,9.49178
29.316667,9.49181
29.333333,9.49207
29.35,9.49225
29.366667,9.49242
29.383333,9.49232
29.4,9.49184
29.416667,9.49132
29.433333,9.49086
29.45,9.4908
29.466667,9.49085
29.483333,9.49071
29.5,9.49046
29.516667,9.49022
29.533333,9.49
29.55,9.48993
29.566667,9.48967
29.583333,9.48932
29.6,9.48922
29.616667,9.4894
29.633333,9.48963
29.65,9.48937
29.666667,9.48899
29.683333,9.48859
29.7,9.48851
29.716667,9.48872
29.733333,9.48889
29.75,9.48889
29.766667,9.48957
29.783333,9.49056
29.8,9.49138
29.816667,9.49159
29.833333,9.49222
29.85,9.49262
29.866667,9.49284
29.883333,9.49372
29.9,9.49408
29.916667,9.49372
29.933333,9.49371
29.95,9.49321
29.966667,9.49309
29.983333,9.4933
30,9.49344
30.016667,9.49346
30.033333,9.49316
30.05,9.49259
30.066667,9.49221
30.083333,9.49105
30.1,9.49035
30.116667,9.49022
30.133333,9.48965
30.15,9.48898
30.166667,9.4883
30.183333,9.48771
30.2,9.48729
30.216667,9.48728
30.233333,9.48671
30.25,9.48662
30.266667,9.48589
30.283333,9.48621
30.3,9.48686
30.316667,9.4872
30.333333,9.48824
30.35,9.4891
30.366667,9.48978
30.383333,9.49026
30.4,9.49075
30.416667,9.4912
30.433333,9.4915
30.45,9.49145
30.466667,9.4914
30.483333,9.49157
30.5,9.49217
30.516667,9.49246
30.533333,9.49252
30.55,9.49274
30.566667,9.49239
30.583333,9.49154
30.6,9.49129
30.616667,9.49123
30.633333,9.49103
30.65,9.49076
30.666667,9.49048
30.683333,9.48986
30.7,9.48916
30.716667,9.48881
30.733333,9.48864
30.75,9.48858
30.766667,9.4885
30.783333,9.48862
30.8,9.48882
30.816667,9.48938
30.833333,9.49025
30.85,9.4904
30.866667,9.49055
30.883333,9.49095
30.9,9.49099
30.916667,9.49091
30.933333,9.49055
30.95,9.49128
30.966667,9.49241
30.983333,9.49339
31,9.4922
31.016667,9.48881
31.033333,9.48877
31.05,9.48969
31.066667,9.48692
31.083333,9.4735
31.1,9.45314
31.116667,9.43595
31.133333,9.43058
31.15,9.43381
31.166667,9.44246
31.183333,9.45887
31.2,9.47488
31.216667,9.485
31.233333,9.49032
31.25,9.49157
31.266667,9.49119
31.283333,9.49161
31.3,9.4916
31.316667,9.49111
31.333333,9.49117
31.35,9.49204
31.366667,9.49283
31.383333,9.49336
31.4,9.49359
31.416667,9.4936
31.433333,9.49387
31.45,9.49414
31.466667,9.49461
31.483333,9.49472
31.5,9.49486
31.516667,9.49501
31.533333,9.49531
31.55,9.49597
31.566667,9.49662
31.583333,9.4964
31.6,9.4966
31.616667,9.49612
31.633333,9.49603
31.65,9.49608
31.666667,9.49599
31.683333,9.49568
31.7,9.49604
31.716667,9.49623
31.733333,9.49634
31.75,9.49626
31.766667,9.49594
31.783333,9.49548
31.8,9.49534
31.816667,9.49524
31.833333,9.49538
31.85,9.49544
31.866667,9.4954
31.883333,9.49554
31.9,9.49598
31.916667,9.49634
31.933333,9.49641
31.95,9.49604
31.966667,9.49501
31.983333,9.49417
32,9.49377
32.016667,9.49329
32.033333,9.49285
32.05,9.4923
32.066667,9.4923
32.083333,9.49248
32.1,9.49267
32.116667,9.49262
32.133333,9.49264
32.15,9.49217
32.166667,9.49211
32.183333,9.49208
32.2,9.4917
32.216667,9.4913
32.233333,9.49129
32.25,9.49156
32.266667,9.49196
32.283333,9.49234
32.3,9.49251
32.316667,9.49253
32.333333,9.49236
32.35,9.49245
32.366667,9.49242
32.383333,9.49236
32.4,9.49221
32.416667,9.49217
32.433333,9.49196
32.45,9.49161
32.466667,9.49158
32.483333,9.49159
32.5,9.49159
32.516667,9.49197
32.533333,9.49217
32.55,9.49179
32.566667,9.49203
32.583333,9.4922
32.6,9.49235
32.616667,9.49266
32.633333,9.49265
32.65,9.49305
32.666667,9.49346
32.683333,9.49352
32.7,9.49366
32.716667,9.49365
32.733333,9.49382
32.75,9.49387
32.766667,9.4941
32.783333,9.49461
32.8,9.49468
32.816667,9.49498
32.833333,9.49511
32.85,9.49522
32.866667,9.49546
32.883333,9.49572
32.9,9.49564
32.916667,9.49527
32.933333,9.49499
32.95,9.4951
32.966667,9.49536
32.983333,9.49577
33,9.49583
33.016667,9.49587
33.033333,9.49576
33.05,9.49593
33.066667,9.49581
33.083333,9.49616
33.1,9.4965
33.116667,9.49617
33.133333,9.49559
33.15,9.49553
33.166667,9.49498
33.183333,9.495
33.2,9.49497
33.216667,9.49512
33.233333,9.49558
33.25,9.49543
33.266667,9.49519
33.283333,9.49495
33.3,9.49541
33.316667,9.49559
33.333333,9.49534
33.35,9.49531
33.366667,9.49537
33.383333,9.49506
33.4,9.49454
33.416667,9.49484
33.433333,9.49507
33.45,9.49522
33.466667,9.49567
33.483333,9.49559
33.5,9.49338
33.516667,9.49189
33.533333,9.49389
33.55,9.49223
33.566667,9.48783
33.583333,9.48179
33.6,9.46597
33.616667,9.44043
33.633333,9.4219
33.65,9.41933
33.666667,9.43479
33.683333,9.45831
33.7,9.47775
33.716667,9.49112
33.733333,9.49585
33.75,9.49812
33.766667,9.49663
33.783333,9.4963
33.8,9.49593
33.816667,9.49518
33.833333,9.49427
33.85,9.49459
33.866667,9.49551
33.883333,9.49562
33.9,9.49543
33.916667,9.49494
33.933333,9.4945
33.95,9.49466
33.966667,9.49454
33.983333,9.49419
34,9.49426
34.016667,9.49464
34.033333,9.49498
34.05,9.49512
34.066667,9.4954
34.083333,9.49527
34.1,9.49491
34.116667,9.49508
34.133333,9.4952
34.15,9.49493
34.166667,9.49442
34.183333,9.49396
34.2,9.494
34.216667,9.49424
34.233333,9.49468
34.25,9.49492
34.266667,9.4944
34.283333,9.49393
34.3,9.49358
34.316667,9.49326
34.333333,9.49305
34.35,9.49277
34.366667,9.49251
34.383333,9.49283
34.4,9.49327
34.416667,9.49368
34.433333,9.49388
34.45,9.49383
34.466667,9.49404
34.483333,9.49498
34.5,9.49545
34.516667,9.49575
34.533333,9.49549
34.55,9.49577
34.566667,9.49599
34.583333,9.49666
34.6,9.49751
34.616667,9.4983
34.633333,9.49896
34.65,9.49933
34.666667,9.49956
34.683333,9.49978
34.7,9.49941
34.716667,9.49882
34.733333,9.49881
34.75,9.49908
34.766667,9.49943
34.783333,9.49973
34.8,9.49942
34.816667,9.49867
34.833333,9.49835
34.85,9.49829
34.866667,9.49792
34.883333,9.49753
34.9,9.49755
34.916667,9.49737
34.933333,9.49731
34.95,9.49721
34.966667,9.49659
34.983333,9.49626
35,9.49611
35.016667,9.49623
35.033333,9.49654
35.05,9.49697
35.066667,9.49676
35.083333,9.49653
35.1,9.49622
35.116667,9.49603
35.133333,9.49599
35.15,9.49605
35.166667,9.49606
35.183333,9.49603
35.2,9.49581
35.216667,9.49536
35.233333,9.49508
35.25,9.49477
35.266667,9.49483
35.283333,9.49502
35.3,9.49498
35.316667,9.4949
35.333333,9.49479
35.35,9.49455
35.366667,9.49451
35.383333,9.49454
35.4,9.4946
35.416667,9.49468
35.433333,9.49477
35.45,9.49483
35.466667,9.49467
35.483333,9.49455
35.5,9.49456
35.516667,9.4948
35.533333,9.49513
35.55,9.49533
35.566667,9.49551
35.583333,9.49572
35.6,9.4958
35.616667,9.49585
35.633333,9.49619
35.65,9.49649
35.666667,9.49675
35.683333,9.49699
35.7,9.49708
35.716667,9.49636
35.733333,9.49531
35.75,9.4944
35.766667,9.49368
35.783333,9.49351
35.8,9.49369
35.816667,9.49373
35.833333,9.49293
35.85,9.49248
35.866667,9.49339
35.883333,9.49427
35.9,9.4942
35.916667,9.49366
35.933333,9.49296
35.95,9.49291
35.966667,9.49486
35.983333,9.49846
36,9.50092
36.016667,9.50149
36.033333,9.49976
36.05,9.49551
36.066667,9.48936
36.083333,9.48351
36.1,9.46422
36.116667,9.43858
36.133333,9.42219
36.15,9.41962
36.166667,9.43679
36.183333,9.45888
36.2,9.47998
36.216667,9.49386
36.233333,9.49498
36.25,9.49284
36.266667,9.4915
36.283333,9.49243
36.3,9.49421
36.316667,9.49535
36.333333,9.49673
36.35,9.49821
36.366667,9.49916
36.383333,9.49968
36.4,9.5003
36.416667,9.50106
36.433333,9.50204
36.45,9.50204
36.466667,9.50217
36.483333,9.5029
36.5,9.50355
36.516667,9.50398
36.533333,9.50403
36.55,9.50386
36.566667,9.5036
36.583333,9.50353
36.6,9.50326
36.616667,9.50277
36.633333,9.50224
36.65,9.50191
36.666667,9.50148
36.683333,9.50229
36.7,9.50253
36.716667,9.50263
36.733333,9.50266
36.75,9.50267
36.766667,9.50306
36.783333,9.50335
36.8,9.50316
36.816667,9.50259
36.833333,9.50167
36.85,9.50149
36.866667,9.5016
36.883333,9.50163
36.9,9.50198
36.916667,9.50252
36.933333,9.50196
36.95,9.50061
36.966667,9.49999
36.983333,9.50071
37,9.50092
37.016667,9.50025
37.033333,9.49952
37.05,9.49948
37.066667,9.50057
37.083333,9.50153
37.1,9.50195
37.116667,9.50166
37.133333,9.50106
37.15,9.50004
37.166667,9.49976
37.183333,9.4997
37.2,9.49983
37.216667,9.5001
37.233333,9.50059
37.25,9.50118
37.266667,9.50078
37.283333,9.49976
37.3,9.49952
37.316667,9.49943
37.333333,9.49939
37.35,9.49966
37.366667,9.49942
37.383333,9.49937
37.4,9.49952
37.416667,9.49969
37.433333,9.49994
37.45,9.50038
37.466667,9.50094
37.483333,9.50039
37.5,9.49931
37.516667,9.49831
37.533333,9.49778
37.55,9.49747
37.566667,9.49678
37.583333,9.49635
37.6,9.49514
37.616667,9.49402
37.633333,9.49179
37.65,9.48768
37.666667,9.48215
37.683333,9.4871
37.7,9.50111
37.716667,9.50749
37.733333,9.50683
37.75,9.50568
37.766667,9.50529
37.783333,9.50442
37.8,9.50183
37.816667,9.50028
37.833333,9.49904
37.85,9.49754
37.866667,9.49642
37.883333,9.49594
37.9,9.49619
37.916667,9.49692
37.933333,9.49712
37.95,9.49713
37.966667,9.49698
37.983333,9.49674
38,9.49618
38.016667,9.4963
38.033333,9.49741
38.05,9.49773
38.066667,9.49801
38.083333,9.49851
38.1,9.49913
38.116667,9.50003
38.133333,9.50094
38.15,9.50173
38.166667,9.50209
38.183333,9.50226
38.2,9.50234
38.216667,9.50265
38.233333,9.50323
38.25,9.50391
38.266667,9.50407
38.283333,9.50387
38.3,9.50378
38.316667,9.50395
38.333333,9.50366
38.35,9.50342
38.366667,9.50332
38.383333,9.50345
38.4,9.50397
38.416667,9.50352
38.433333,9.50258
38.45,9.50226
38.466667,9.50187
38.483333,9.50141
38.5,9.50003
38.516667,9.49935
38.533333,9.49779
38.55,9.49853
38.566667,9.49384
38.583333,9.47964
38.6,9.46681
38.616667,9.44451
38.633333,9.42333
38.65,9.41781
38.666667,9.43306
38.683333,9.45763
38.7,9.47821
38.716667,9.49264
38.733333,9.50411
38.75,9.51113
38.766667,9.51282
38.783333,9.51254
38.8,9.51044
38.816667,9.50943
38.833333,9.50917
38.85,9.50807
38.866667,9.50724
38.883333,9.50755
38.9,9.50743
38.916667,9.50687
38.933333,9.50682
38.95,9.50619
38.966667,9.50548
38.983333,9.50518
39,9.50547
39.016667,9.50553
39.033333,9.50543
39.05,9.50586
39.066667,9.50652
39.083333,9.50631
39.1,9.5058
39.116667,9.50566
39.133333,9.50569
39.15,9.50586
39.166667,9.50609
39.183333,9.50579
39.2,9.50524
39.216667,9.50521
39.233333,9.50532
39.25,9.50501
39.266667,9.50463
39.283333,9.50458
39.3,9.50435
39.316667,9.50412
39.333333,9.50349
39.35,9.50263
39.366667,9.50175
39.383333,9.50091
39.4,9.50051
39.416667,9.5006
39.433333,9.50039
39.45,9.50014
39.466667,9.50019
39.483333,9.50011
39.5,9.49995
39.516667,9.49979
39.533333,9.49943
39.55,9.49924
39.566667,9.499
39.583333,9.49911
39.6,9.49886
39.616667,9.49869
39.633333,9.49875
39.65,9.49911
39.666667,9.49956
39.683333,9.50008
39.7,9.50039
39.716667,9.50115
39.733333,9.5018
39.75,9.50214
39.766667,9.50236
39.783333,9.50254
39.8,9.50265
39.816667,9.50256
39.833333,9.50278
39.85,9.50318
39.866667,9.5038
39.883333,9.50408
39.9,9.5043
39.916667,9.50434
39.933333,9.5039
39.95,9.50315
39.966667,9.50281
39.983333,9.50275
40,9.50259
40.016667,9.50219
40.033333,9.50147
40.05,9.50097
40.066667,9.50085
40.083333,9.50033
40.1,9.49938
40.116667,9.49892
40.133333,9.5003
40.15,9.50157
40.166667,9.50138
40.183333,9.50093
40.2,9.50093
40.216667,9.50129
40.233333,9.50152
40.25,9.50267
40.266667,9.50304
40.283333,9.50338
40.3,9.50381
40.316667,9.50368
40.333333,9.50328
40.35,9.50296
40.366667,9.50255
40.383333,9.50248
40.4,9.50278
40.416667,9.50289
40.433333,9.50282
40.45,9.50334
40.466667,9.50409
40.483333,9.50437
40.5,9.50416
40.516667,9.50375
40.533333,9.50354
40.55,9.50306
40.566667,9.50283
40.583333,9.5028
40.6,9.50284
40.616667,9.50298
40.633333,9.50299
40.65,9.50255
40.666667,9.50202
40.683333,9.50183
40.7,9.50146
40.716667,9.50108
40.733333,9.50024
40.75,9.50006
40.766667,9.4997
40.783333,9.49941
40.8,9.49927
40.816667,9.49939
40.833333,9.49956
40.85,9.49968
40.866667,9.50002
40.883333,9.50005
40.9,9.4998
40.916667,9.4999
40.933333,9.50036
40.95,9.50152
40.966667,9.50202
40.983333,9.50238
41,9.50244
41.016667,9.50262
41.033333,9.50389
41.05,9.50214
41.066667,9.49954
41.083333,9.49403
41.1,9.47808
41.116667,9.45511
41.133333,9.44019
41.15,9.4315
41.166667,9.43987
41.183333,9.46489
41.2,9.48691
41.216667,9.50437
41.233333,9.51459
41.25,9.51644
41.266667,9.51487
41.283333,9.51239
41.3,9.51064
41.316667,9.51018
41.333333,9.50866
41.35,9.50775
41.366667,9.50799
41.383333,9.50713
41.4,9.50617
41.416667,9.5065
41.433333,9.506
41.45,9.50582
41.466667,9.50582
41.483333,9.50616
41.5,9.50593
41.516667,9.50605
41.533333,9.50545
41.55,9.50362
41.566667,9.50335
41.583333,9.50359
41.6,9.50227
41.616667,9.50017
41.633333,9.499
41.65,9.49541
41.666667,9.49193
41.683333,9.49677
41.7,9.51144
41.716667,9.51895
41.733333,9.50911
41.75,9.50214
41.766667,9.49912
41.783333,9.49757
41.8,9.49593
41.816667,9.49684
41.833333,9.4965
41.85,9.49593
41.866667,9.49649
41.883333,9.49758
41.9,9.50115
41.916667,9.50631
41.933333,9.50592
41.95,9.50499
41.966667,9.50649
41.983333,9.50805
42,9.50924
42.016667,9.50997
42.033333,9.50942
42.05,9.5091
42.066667,9.50855
42.083333,9.50766
42.1,9.50764
42.116667,9.50781
42.133333,9.50871
42.15,9.50793
42.166667,9.50768
42.183333,9.50768
42.2,9.5078
42.216667,9.50765
42.233333,9.50744
42.25,9.50668
42.266667,9.50623
42.283333,9.50545
42.3,9.50521
42.316667,9.5051
42.333333,9.5049
42.35,9.50451
42.366667,9.50495
42.383333,9.50559
42.4,9.50631
42.416667,9.50646
42.433333,9.50678
42.45,9.50643
42.466667,9.5058
42.483333,9.50552
42.5,9.50525
42.516667,9.50517
42.533333,9.50478
42.55,9.50484
42.566667,9.50539
42.583333,9.50596
42.6,9.50614
42.616667,9.50652
42.633333,9.50711
42.65,9.50645
42.666667,9.50569
42.683333,9.50482
42.7,9.5043
42.716667,9.50376
42.733333,9.5042
42.75,9.50445
42.766667,9.50439
42.783333,9.50417
42.8,9.50384
42.816667,9.50355
42.833333,9.50325
42.85,9.50285
42.866667,9.50248
42.883333,9.50184
42.9,9.50186
42.916667,9.50258
42.933333,9.50225
42.95,9.50204
42.966667,9.50219
42.983333,9.50247
43,9.50311
43.016667,9.50359
43.033333,9.50379
43.05,9.50417
43.066667,9.50454
43.083333,9.50466
43.1,9.50523
43.116667,9.50485
43.133333,9.50439
43.15,9.50495
43.166667,9.50397
43.183333,9.50289
43.2,9.50289
43.216667,9.50263
43.233333,9.50218
43.25,9.49834
43.266667,9.50026
43.283333,9.5029
43.3,9.50385
43.316667,9.50515
43.333333,9.50615
43.35,9.50694
43.366667,9.50715
43.383333,9.50694
43.4,9.50839
43.416667,9.50853
43.433333,9.50846
43.45,9.50863
43.466667,9.50879
43.483333,9.50787
43.5,9.50697
43.516667,9.50397
43.533333,9.5059
43.55,9.50593
43.566667,9.49874
43.583333,9.48698
43.6,9.47107
43.616667,9.44486
43.633333,9.42729
43.65,9.4258
43.666667,9.43619
43.683333,9.45709
43.7,9.48578
43.716667,9.50231
43.733333,9.51468
43.75,9.52473
43.766667,9.52531
43.783333,9.52315
43.8,9.51403
43.816667,9.50547
43.833333,9.5037
43.85,9.50437
43.866667,9.50509
43.883333,9.50647
43.9,9.50812
43.916667,9.50919
43.933333,9.50833
43.95,9.50725
43.966667,9.50768
43.983333,9.50872
44,9.50926
44.016667,9.5097
44.033333,9.50921
44.05,9.50684
44.066667,9.50317
44.083333,9.50344
44.1,9.50577
44.116667,9.50678
44.133333,9.50636
44.15,9.50541
44.166667,9.50578
44.183333,9.50603
44.2,9.50611
44.216667,9.50706
44.233333,9.50702
44.25,9.50658
44.266667,9.50653
44.283333,9.5063
44.3,9.50589
44.316667,9.50573
44.333333,9.50581
44.35,9.50598
44.366667,9.50602
44.383333,9.50617
44.4,9.50674
44.416667,9.50729
44.433333,9.50744
44.45,9.50716
44.466667,9.50711
44.483333,9.50676
44.5,9.50639
44.516667,9.50576
44.533333,9.50536
44.55,9.50509
44.566667,9.50497
44.583333,9.50498
44.6,9.50527
44.616667,9.50574
44.633333,9.50651
44.65,9.50666
44.666667,9.50639
44.683333,9.506
44.7,9.50576
44.716667,9.50567
44.733333,9.50545
44.75,9.50533
44.766667,9.5059
44.783333,9.50666
44.8,9.50717
44.816667,9.508
44.833333,9.50834
44.85,9.50764
44.866667,9.50739
44.883333,9.50759
44.9,9.50774
44.916667,9.50771
44.933333,9.507
44.95,9.50649
44.966667,9.50675
44.983333,9.5067
45,9.50717
45.016667,9.5075
45.033333,9.50749
45.05,9.50771
45.066667,9.50806
45.083333,9.50834
45.1,9.5083
45.116667,9.50778
45.133333,9.50782
45.15,9.50773
45.166667,9.50836
45.183333,9.50894
45.2,9.50938
45.216667,9.50986
45.233333,9.51001
45.25,9.51108
45.266667,9.5116
45.283333,9.51202
45.3,9.51193
45.316667,9.5112
45.333333,9.51129
45.35,9.5103
45.366667,9.50969
45.383333,9.50904
45.4,9.50829
45.416667,9.50849
45.433333,9.50836
45.45,9.50817
45.466667,9.50784
45.483333,9.50759
45.5,9.50734
45.516667,9.50704
45.533333,9.50658
45.55,9.50593
45.566667,9.50497
45.583333,9.50445
45.6,9.50399
45.616667,9.50382
45.633333,9.50413
45.65,9.50441
45.666667,9.50477
45.683333,9.50504
45.7,9.50514
45.716667,9.505
45.733333,9.50524
45.75,9.50579
45.766667,9.50695
45.783333,9.50763
45.8,9.50787
45.816667,9.50853
45.833333,9.50848
45.85,9.5089
45.866667,9.51016
45.883333,9.50937
45.9,9.50831
45.916667,9.50847
45.933333,9.50873
45.95,9.50968
45.966667,9.50929
45.983333,9.50713
46,9.50348
46.016667,9.50129
46.033333,9.50321
46.05,9.50696
46.066667,9.50235
46.083333,9.49579
46.1,9.48651
46.116667,9.46712
46.133333,9.44463
46.15,9.43515
46.166667,9.43793
46.183333,9.46085
46.2,9.48931
46.216667,9.50787
46.233333,9.51818
46.25,9.5216
46.266667,9.51918
46.283333,9.51744
46.3,9.51506
46.316667,9.51293
46.333333,9.51177
46.35,9.51153
46.366667,9.51201
46.383333,9.51274
46.4,9.51243
46.416667,9.51182
46.433333,9.5113
46.45,9.511
46.466667,9.51095
46.483333,9.51076
46.5,9.51104
46.516667,9.51199
46.533333,9.51225
46.55,9.51321
46.566667,9.51337
46.583333,9.51255
46.6,9.51226
46.616667,9.51212
46.633333,9.51163
46.65,9.51125
46.666667,9.51079
46.683333,9.51005
46.7,9.50909
46.716667,9.50856
46.733333,9.50853
46.75,9.50841
46.766667,9.50799
46.783333,9.50731
46.8,9.5066
46.816667,9.50622
46.833333,9.50607
46.85,9.50605
46.866667,9.50635
46.883333,9.50632
46.9,9.50597
46.916667,9.50593
46.933333,9.50613
46.95,9.50602
46.966667,9.50592
46.983333,9.5054
47,9.5055
47.016667,9.50563
47.033333,9.50585
47.05,9.50575
47.066667,9.50592
47.083333,9.5066
47.1,9.50687
47.116667,9.50635
47.133333,9.5067
47.15,9.50731
47.166667,9.50712
47.183333,9.50659
47.2,9.50638
47.216667,9.50631
47.233333,9.50619
47.25,9.506
47.266667,9.50614
47.283333,9.50654
47.3,9.50659
47.316667,9.50654
47.333333,9.50627
47.35,9.50635
47.366667,9.50648
47.383333,9.50692
47.4,9.50768
47.416667,9.50823
47.433333,9.50872
47.45,9.50885
47.466667,9.5093
47.483333,9.51004
47.5,9.51068
47.516667,9.51111
47.533333,9.51169
47.55,9.51148
47.566667,9.51251
47.583333,9.51398
47.6,9.51474
47.616667,9.51369
47.633333,9.51226
47.65,9.51059
47.666667,9.50892
47.683333,9.50821
47.7,9.50831
47.716667,9.50822
47.733333,9.507
47.75,9.50589
47.766667,9.50587
47.783333,9.50617
47.8,9.50635
47.816667,9.50624
47.833333,9.50609
47.85,9.50605
47.866667,9.5064
47.883333,9.5069
47.9,9.50734
47.916667,9.50766
47.933333,9.50805
47.95,9.50851
47.966667,9.50894
47.983333,9.50914
48,9.5089
48.016667,9.50888
48.033333,9.50908
48.05,9.50878
48.066667,9.50798
48.083333,9.50799
48.1,9.50778
48.116667,9.50746
48.133333,9.50728
48.15,9.5073
48.166667,9.5074
48.183333,9.50734
48.2,9.50657
48.216667,9.50613
48.233333,9.50626
48.25,9.50648
48.266667,9.50672
48.283333,9.50667
48.3,9.50679
48.316667,9.50699
48.333333,9.50721
48.35,9.50767
48.366667,9.50814
48.383333,9.50811
48.4,9.50782
48.416667,9.5077
48.433333,9.50759
48.45,9.50768
48.466667,9.50798
48.483333,9.50833
48.5,9.50865
48.516667,9.50869
48.533333,9.50872
